CaseLabel;SystemName;SystemSynonyms;PrimaryDomain;AllDomains;PrimaryActors;SecondaryActors;AllActors;ActorSynonyms;UseCases;UseCaseSynonyms;Relationships;RelationshipTypes;HasInclude;HasExtend;HasGeneralization
UCD_0001;Online Shopping System;Online Store | Shopping System;Customer Support;Customer Support | Database Management | E-commerce | Product Management | User Account Management;Administrator | User;Backend Database System;Administrator | Backend Database System | User;Administrator: Admin | System Manager || Backend Database System: Data System | Database || User: Customer | Shopper;Access Account | Add Product | Add To Cart | Buy Product | Delete Product | Recommend New Product | Register User | Report Technical Issue | Update Product Detail | View Product;Access Account: Login Account | Open Account || Add Product: Create Product || Add To Cart: Insert Item || Buy Product: Purchase Product || Delete Product: Remove Product || Recommend New Product: Propose Product | Suggest Product || Register User: Create User | Enroll User || Report Technical Issue: Log Issue | Notify Problem || Update Product Detail: Modify Product | Revise Product || View Product: Inspect Product;association: Administrator(actor) -> Add Product(usecase) | association: Administrator(actor) -> Delete Product(usecase) | association: Administrator(actor) -> Update Product Detail(usecase) | association: Backend Database System(actor) -> Recommend New Product(usecase) | association: Backend Database System(actor) -> Register User(usecase) | association: Backend Database System(actor) -> Update Product Detail(usecase) | association: User(actor) -> Access Account(usecase) | association: User(actor) -> Add To Cart(usecase) | association: User(actor) -> Buy Product(usecase) | association: User(actor) -> Register User(usecase) | association: User(actor) -> Report Technical Issue(usecase) | extend: View Product(usecase) -> Add To Cart(usecase) [When Product Needs to be Viewed];association | extend;No;Yes;No
UCD_0002;Administration Application;Admin Application | Administration App;Access Control Management;Access Control Management | Log Management | System Administration | System Backup and Recovery | User Management;Website Administrator;Helpdesk;Helpdesk | Website Administrator;Helpdesk: Support || Website Administrator: Admin | Web Admin;Manage Access Control Policy | Manage Logs | Manage Session | Manage User | Perform System Backup;Manage Access Control Policy: Access Management | Control Access || Manage Logs: Audit Logs | Review Logs || Manage Session: Control Session | Session Control || Manage User: Control User | User Control || Perform System Backup: Backup System | Create Backup;association: Helpdesk(actor) -> Manage Logs(usecase) | association: Helpdesk(actor) -> Manage Session(usecase) | association: Website Administrator(actor) -> Manage Logs(usecase) | association: Website Administrator(actor) -> Manage Session(usecase) | association: Website Administrator(actor) -> Manage User(usecase) | include: Manage Access Control Policy(usecase) -> Perform System Backup(usecase) | include: Manage Logs(usecase) -> Manage Access Control Policy(usecase);association | include;Yes;No;No
UCD_0003;Design Support System;Design System | Support System;Furniture Design;Furniture Design | Heating, Ventilation, and Air Conditioning (HVAC) | Product Lifecycle Management | Requirements Management | Structural Engineering;Administration | Client | Engineer;;Administration | Client | Engineer;Administration: Admin | Management || Client: Customer | User || Engineer: Designer | Developer;Approve Heating Design | Approve Structural Design | Finalize Product | Report Issue | Validate Furniture Design | Verify Client Requirement;Approve Heating Design: Check Heating | Review Heating || Approve Structural Design: Check Structure | Review Structure || Finalize Product: Close Product | Complete Product || Report Issue: Log Issue | Note Problem || Validate Furniture Design: Check Furniture | Review Furniture || Verify Client Requirement: Check Requirement | Confirm Requirement;association: Administration(actor) -> Verify Client Requirement(usecase) | association: Client(actor) -> Finalize Product(usecase) | association: Client(actor) -> Verify Client Requirement(usecase) | association: Engineer(actor) -> Approve Structural Design(usecase) | association: Engineer(actor) -> Finalize Product(usecase) | extend: Report Issue(usecase) -> Finalize Product(usecase) [When an Issue is Found] | include: Approve Structural Design(usecase) -> Approve Heating Design(usecase) | include: Approve Structural Design(usecase) -> Validate Furniture Design(usecase) | include: Validate Furniture Design(usecase) -> Verify Client Requirement(usecase) | include: Verify Client Requirement(usecase) -> Finalize Product(usecase);association | extend | include;Yes;Yes;No
UCD_0004;Vehicle ;Automobile | Transport;Automotive Engineering;Automotive Engineering | Passenger Comfort Systems | Vehicle Access Control | Vehicle Control Systems | Vehicle Safety Systems;Driver | Vehicle Occupant;;Driver | Vehicle Occupant;Driver: Operator || Vehicle Occupant: Passenger | Rider;Control Climate System | Control Entertainment System | Control Vehicle Accessory | Drive Vehicle | Enter Vehicle | Exit Vehicle | Open Door | Perform Anti Lock Braking;Control Climate System: Adjust Climate | Manage Climate || Control Entertainment System: Adjust Entertainment | Manage Entertainment || Control Vehicle Accessory: Adjust Accessory | Manage Accessory || Drive Vehicle: Operate Vehicle | Steer Vehicle || Enter Vehicle: Board Vehicle || Exit Vehicle: Leave Vehicle || Open Door: Unlock Door || Perform Anti Lock Braking: Activate Abs | Engage Abs;association: Driver(actor) -> Drive Vehicle(usecase) | association: Vehicle Occupant(actor) -> Control Vehicle Accessory(usecase) | association: Vehicle Occupant(actor) -> Enter Vehicle(usecase) | association: Vehicle Occupant(actor) -> Exit Vehicle(usecase) | extend: Perform Anti Lock Braking(usecase) -> Drive Vehicle(usecase) [When Braking is Required] | generalization: Control Climate System(usecase) -> Control Vehicle Accessory(usecase) | generalization: Control Entertainment System(usecase) -> Control Vehicle Accessory(usecase) | include: Enter Vehicle(usecase) -> Open Door(usecase) | include: Exit Vehicle(usecase) -> Open Door(usecase);association | extend | generalization | include;Yes;Yes;Yes
UCD_0005;Airport;Air Terminal | Flight Center;Airline Operations;Airline Operations | Airport Security | Baggage Handling | Gate Management | Passenger Check-in;Airport Staff | Passenger;;Airport Staff | Passenger;Airport Staff: Airport Employee | Terminal Staff || Passenger: Flyer | Traveler;Assign Gate | Drop Baggage | Enter Security Screening | Handle Baggage | Issue Boarding Pass | Validate Counter Checkin | Validate Group Checkin | Validate Individual Checkin;Assign Gate: Allocate Gate || Drop Baggage: Check Baggage || Enter Security Screening: Pass Screening || Handle Baggage: Manage Baggage || Issue Boarding Pass: Provide Pass || Validate Counter Checkin: Confirm Checkin || Validate Group Checkin: Confirm Checkin || Validate Individual Checkin: Confirm Checkin;association: Airport Staff(actor) -> Issue Boarding Pass(usecase) | association: Airport Staff(actor) -> Validate Counter Checkin(usecase) | association: Passenger(actor) -> Validate Group Checkin(usecase) | association: Passenger(actor) -> Validate Individual Checkin(usecase) | include: Drop Baggage(usecase) -> Enter Security Screening(usecase) | include: Handle Baggage(usecase) -> Assign Gate(usecase) | include: Issue Boarding Pass(usecase) -> Handle Baggage(usecase) | include: Validate Individual Checkin(usecase) -> Drop Baggage(usecase);association | include;Yes;No;No
UCD_0006;Sentinel EMS;EMS System | Sentinel | Sentinel EMS;Customer Relationship Management;Customer Relationship Management | Entitlement Management | Environment Configuration | Product Lifecycle Management | Software Distribution;Customer Service | Developer | Privilege Manager | Product Manager;;Customer Service | Developer | Privilege Manager | Product Manager;Customer Service: Customer Support | Service Agent || Developer: Programmer | Software Engineer || Privilege Manager: Access Manager | Privilege Admin || Product Manager: Product Lead | Product Owner;Define Feature | Define Full Product | Define Product | Define Trial Product | Generate Branded Rus | Generate Product Key | Generate Runtime Installer | Generate Trial Product | Manage Customer | Manage Environment;Define Feature: Configure Feature | Set Feature || Define Full Product: Configure Product | Set Product || Define Product: Configure Product | Set Product || Define Trial Product: Configure Trial | Set Trial || Generate Branded Rus: Create Rus | Issue Rus || Generate Product Key: Create Key | Issue Key || Generate Runtime Installer: Build Installer | Create Installer || Generate Trial Product: Create Trial | Issue Trial || Manage Customer: Maintain Customer | Update Customer || Manage Environment: Maintain Environment | Update Environment;association: Customer Service(actor) -> Manage Customer(usecase) | association: Developer(actor) -> Generate Branded Rus(usecase) | association: Developer(actor) -> Generate Trial Product(usecase) | association: Privilege Manager(actor) -> Manage Customer(usecase) | association: Privilege Manager(actor) -> Manage Environment(usecase) | association: Product Manager(actor) -> Define Feature(usecase) | extend: Generate Product Key(usecase) -> Manage Environment(usecase) [When Key is Required] | generalization: Define Full Product(usecase) -> Define Product(usecase) | generalization: Define Trial Product(usecase) -> Define Product(usecase) | include: Define Feature(usecase) -> Define Product(usecase) | include: Generate Branded Rus(usecase) -> Manage Environment(usecase) | include: Generate Trial Product(usecase) -> Generate Runtime Installer(usecase) | include: Manage Environment(usecase) -> Manage Customer(usecase);association | extend | generalization | include;Yes;Yes;Yes
UCD_0007;Cab Booking Application;Booking System | Cab Application | Ride App;Mobile Applications;Mobile Applications | Payment Processing | Ride-Hailing Services | Transportation Logistics | User Account Management;User;Backend;Backend | User;Backend: Processing Unit | Server | System Core || User: Client | Passenger | Rider;Access Account | Book Cab | Choose Location | Confirm Booking | Delete Booking | Show Available Cabs | Show Driver Information | Show Payment Method;Access Account: Open Profile | View Account || Book Cab: Order Cab | Request Ride || Choose Location: Define Destination | Select Location || Confirm Booking: Accept Ride | Validate Booking || Delete Booking: Cancel Booking | Remove Reservation || Show Available Cabs: Display Cabs | List Vehicle || Show Driver Information: Display Driver | Present Driver || Show Payment Method: Display Payment | Present Method;association: Backend(actor) -> Confirm Booking(usecase) | association: Backend(actor) -> Show Available Cabs(usecase) | association: User(actor) -> Access Account(usecase) | association: User(actor) -> Confirm Booking(usecase) | extend: Delete Booking(usecase) -> Confirm Booking(usecase) [When Booking Needs to be Deleted] | include: Access Account(usecase) -> Choose Location(usecase) | include: Book Cab(usecase) -> Show Payment Method(usecase) | include: Choose Location(usecase) -> Show Available Cabs(usecase) | include: Confirm Booking(usecase) -> Show Driver Information(usecase) | include: Show Available Cabs(usecase) -> Book Cab(usecase) | include: Show Payment Method(usecase) -> Confirm Booking(usecase);association | extend | include;Yes;Yes;No
UCD_0008;Appointment Booking ;Appointment System | Booking System;Appointment Scheduling;Appointment Scheduling | Communication | Customer Support | Payment Processing | Service Management;Service Provider | User;Payment Gateway;Payment Gateway | Service Provider | User;Payment Gateway: Gateway | Payor || Service Provider: Practitioner | Provider || User: Client | Customer;Display Available Slot | Make Call | Receive Payment | Resolve Technical Issue | Schedule Appointment | Send Confirmation | Show Alternative Option | Show Payment Method;Display Available Slot: Present Availability | Show Slot || Make Call: Place Call || Receive Payment: Accept Payment | Process Payment || Resolve Technical Issue: Correct Error | Fix Problem || Schedule Appointment: Arrange Visit | Book Appointment || Send Confirmation: Deliver Notice | Issue Confirmation || Show Alternative Option: Display Alternative | Present Choice || Show Payment Method: Display Method | Present Option;association: Payment Gateway(actor) -> Show Payment Method(usecase) | association: Service Provider(actor) -> Display Available Slot(usecase) | association: Service Provider(actor) -> Resolve Technical Issue(usecase) | association: Service Provider(actor) -> Schedule Appointment(usecase) | association: User(actor) -> Make Call(usecase) | extend: Show Alternative Option(usecase) -> Display Available Slot(usecase) [When Slot Not Available] | include: Make Call(usecase) -> Display Available Slot(usecase) | include: Schedule Appointment(usecase) -> Send Confirmation(usecase) | include: Show Payment Method(usecase) -> Receive Payment(usecase);association | extend | include;Yes;Yes;No
UCD_0009;Satellite System;Satellite | Space System;Infrared Sensor Operation;Infrared Sensor Operation | Orbital Mechanics | Payload Management | Power Systems Testing | Satellite Command and Control;Environmental Test Engineer | Flight Controller | Payload Operator;Solar Simulation Chamber;Environmental Test Engineer | Flight Controller | Payload Operator | Solar Simulation Chamber;Environmental Test Engineer: Environment Engineer | Test Engineer || Flight Controller: Controller | Flight Team || Payload Operator: Operator | Payload User || Solar Simulation Chamber: Simulation Chamber | Solar Chamber;Execute Hohmann Transfer | Generate Electricity | Get Payload Status | Point Infrared Sensor | Send Command | Send Real Time Command | Send Stored Command;Execute Hohmann Transfer: Initiate Transfer | Perform Transfer || Generate Electricity: Create Electricity | Produce Power || Get Payload Status: Fetch Status | Read Status || Point Infrared Sensor: Aim Sensor | Direct Sensor || Send Command: Issue Command | Transmit Command || Send Real Time Command: Issue Command | Transmit Command || Send Stored Command: Issue Stored Command | Transmit Stored Command;association: Environmental Test Engineer(actor) -> Generate Electricity(usecase) | association: Flight Controller(actor) -> Execute Hohmann Transfer(usecase) | association: Generate Electricity(usecase) -> Solar Simulation Chamber(actor) | association: Payload Operator(actor) -> Get Payload Status(usecase) | association: Payload Operator(actor) -> Point Infrared Sensor(usecase) | generalization: Send Real Time Command(usecase) -> Send Command(usecase) | generalization: Send Stored Command(usecase) -> Send Command(usecase) | include: Execute Hohmann Transfer(usecase) -> Send Command(usecase) | include: Get Payload Status(usecase) -> Send Command(usecase) | include: Point Infrared Sensor(usecase) -> Send Command(usecase);association | generalization | include;Yes;No;Yes
UCD_0010;UAV Mission Planning;Mission System | UAV Control | UAV Planning;Command and Control Systems;Command and Control Systems | Geospatial Data Processing | Image Acquisition | Mission Planning | UAV Mission Management;Operator;Camera | GPS | Server;Camera | GPS | Operator | Server;Camera: Imager || GPS: Global Positioning || Operator: Controller | User || Server: Host | System Server;Allocate Uav | Assign Search Area | Capture Image | Create Marker | Create Mission | Evaluate Mission | Feed Command | Monitor Mission | Remove Coordinate | Send Command | Start Mission;Allocate Uav: Assign Uav || Assign Search Area: Define Area || Capture Image: Record Image || Create Marker: Define Marker || Create Mission: Define Mission || Evaluate Mission: Assess Mission || Feed Command: Provide Command || Monitor Mission: Track Mission || Remove Coordinate: Delete Coordinate || Send Command: Transmit Command || Start Mission: Initiate Mission;association: Camera(actor) -> Capture Image(usecase) | association: GPS(actor) -> Remove Coordinate(usecase) | association: Operator(actor) -> Allocate Uav(usecase) | association: Operator(actor) -> Create Mission(usecase) | association: Operator(actor) -> Evaluate Mission(usecase) | association: Operator(actor) -> Monitor Mission(usecase) | association: Server(actor) -> Feed Command(usecase) | association: Server(actor) -> Start Mission(usecase) | include: Create Marker(usecase) -> Remove Coordinate(usecase) | include: Create Mission(usecase) -> Create Marker(usecase) | include: Create Mission(usecase) -> Start Mission(usecase) | include: Feed Command(usecase) -> Assign Search Area(usecase) | include: Start Mission(usecase) -> Capture Image(usecase) | include: Start Mission(usecase) -> Send Command(usecase);association | include;Yes;No;No
UCD_0011;Real Time System Controller;Controller System | RTS Controller | Real Time Controller;Data Acquisition and Processing;Data Acquisition and Processing | Real-time Control Systems | Supervisory Control | System Maintenance Management | User Information Systems;Maintenance Crew | Supervisor | System User;Actuator | Sensor;Actuator | Maintenance Crew | Sensor | Supervisor | System User;Actuator: Effector || Maintenance Crew: Crew Member | Maintenance Personnel || Sensor: Detector || Supervisor: Manager | Overseer || System User: Operator | User;Acquire Input | Apply Maintenance Procedure | Apply Scheduled Maintenance | Apply Upon Request Maintenance | Inform User | Perform Computation | Run Setup Proedure | Run Shutdown Procdure | Store Result;Acquire Input: Get Input | Receive Input || Apply Maintenance Procedure: Execute Procedure || Apply Scheduled Maintenance: Perform Scheduled Maintenance || Apply Upon Request Maintenance: Perform Maintenance | Request Maintenance || Inform User: Notify User || Perform Computation: Compute Data | Process Data || Run Setup Proedure: Execute Setup | Perform Setup || Run Shutdown Procdure: Execute Shutdown | Perform Shutdown || Store Result: Save Result;association: Maintenance Crew(actor) -> Apply Maintenance Procedure(usecase) | association: Perform Computation(usecase) -> Actuator(actor) | association: Run Setup Proedure(usecase) -> Supervisor(actor) | association: Run Shutdown Procdure(usecase) -> Supervisor(actor) | association: Sensor(actor) -> Acquire Input(usecase) | association: System User(actor) -> Inform User(usecase) | extend: Store Result(usecase) -> Perform Computation(usecase) [When Storing is Required] | generalization: Apply Scheduled Maintenance(usecase) -> Apply Maintenance Procedure(usecase) | generalization: Apply Upon Request Maintenance(usecase) -> Apply Maintenance Procedure(usecase) | include: Perform Computation(usecase) -> Acquire Input(usecase);association | extend | generalization | include;Yes;Yes;Yes
UCD_0012;Aircraft Design Review System;Aircraft Review System | Design Review | Review System;Aerospace Engineering;Aerospace Engineering | Configuration Management | Design Review | Project Management | Systems Engineering;Design Engineer | Project Manager | Systems Engineer;;Design Engineer | Project Manager | Systems Engineer;Design Engineer: Design Analyst | Designer || Project Manager: Program Manager | Project Lead || Systems Engineer: System Engineer | Systems Analyst;Approve Modification | Generate Review Report | Register Design Component | Review Design | Submit Design;Approve Modification: Accept Change | Authorize Change || Generate Review Report: Create Report | Produce Report || Register Design Component: Log Component | Record Component || Review Design: Examine Design | Inspect Design || Submit Design: Present Design | Provide Design;association: Design Engineer(actor) -> Register Design Component(usecase) | association: Design Engineer(actor) -> Submit Design(usecase) | association: Project Manager(actor) -> Approve Modification(usecase) | association: Systems Engineer(actor) -> Review Design(usecase) | extend: Generate Review Report(usecase) -> Submit Design(usecase) [When Change is Required] | include: Register Design Component(usecase) -> Submit Design(usecase);association | extend | include;Yes;Yes;No
UCD_0013;Inverted Pendulum System;Inverted Pendulum | Pendulum System;Control Systems Engineering;Control Systems Engineering | Mechanical Engineering | Robotics | Signal Processing | System Dynamics;User;Disturbance;Disturbance | User;Disturbance: Impact | Perturbation || User: Controller | Operator;Disturb System | Set Amplifier Gain | Set Controller Gain | Start Controller | Stop Controller;Disturb System: Induce Disturbance || Set Amplifier Gain: Adjust Amplifier || Set Controller Gain: Adjust Gain || Start Controller: Initiate Controller || Stop Controller: Halt Controller;association: Disturbance(actor) -> Disturb System(usecase) | association: User(actor) -> Set Amplifier Gain(usecase) | association: User(actor) -> Set Controller Gain(usecase) | association: User(actor) -> Start Controller(usecase) | association: User(actor) -> Stop Controller(usecase);association;No;No;No
UCD_0014;Security System;Protection System | Security Infrastructure;Access Control;Access Control | Intrusion Detection | Physical Security | Security System Management | Surveillance;Intruder | Operator;;Intruder | Operator;Intruder: Attacker | Threat Actor || Operator: Admin | Controller | User;Activate System | Deactivate System | Monitor | Trigger Sensor;Activate System: Enable System | Start System || Deactivate System: Disable System | Shut Down || Monitor: Check Status | Observe System || Trigger Sensor: Activate Sensor | Sense Event;association: Intruder(actor) -> Trigger Sensor(usecase) | association: Operator(actor) -> Activate System(usecase) | association: Operator(actor) -> Deactivate System(usecase) | association: Operator(actor) -> Monitor(usecase) | extend: Trigger Sensor(usecase) -> Monitor(usecase) [When There is a Breach];association | extend;No;Yes;No
UCD_0015;Library Management System;Library System | Management System;Book Lending;Book Lending | Inventory Management | Library Management | Transaction Processing | User Account Management;Librarian | User;;Librarian | User;Librarian: Library Staff | Staff Member || User: Borrower | Patron;Borrow Book | Purchase Book | Register User | Return Book | Update Loan;Borrow Book: Check Out Book | Take Book || Purchase Book: Acquire Book | Buy Book || Register User: Add User | Create User || Return Book: Give Back Book || Update Loan: Adjust Loan | Modify Loan;association: Librarian(actor) -> Register User(usecase) | association: User(actor) -> Borrow Book(usecase) | association: User(actor) -> Purchase Book(usecase) | association: User(actor) -> Register User(usecase) | include: Borrow Book(usecase) -> Return Book(usecase) | include: Register User(usecase) -> Update Loan(usecase);association | include;Yes;No;No
UCD_0016;Cellular Telephone;Cell Phone | Telephone System;Call Management;Call Management | Mobile Computing | Personal Productivity | Telecommunications | Wireless Communication;User;Cellular Network;Cellular Network | User;Cellular Network: Cell System | Network || User: Caller | Client | Subscriber;Cut Call | Monitor Signal Strength | Place Conference Call | Place Phone Call | Use Scheduler;Cut Call: End Call | Terminate Call || Monitor Signal Strength: Check Signal | Read Signal || Place Conference Call: Initiate Conference | Start Conference || Place Phone Call: Initiate Call | Start Call || Use Scheduler: Access Scheduler | Run Scheduler;association: Cellular Network(actor) -> Monitor Signal Strength(usecase) | association: Cellular Network(actor) -> Use Scheduler(usecase) | association: User(actor) -> Cut Call(usecase) | association: User(actor) -> Place Phone Call(usecase) | extend: Place Conference Call(usecase) -> Place Phone Call(usecase) [When in Need of Multiple Callers];association | extend;No;Yes;No
UCD_0017;Maintenance Management System;MMS | Maintenance System;Asset Management;Asset Management | Corrective Maintenance Management | Equipment Maintenance | Preventive Maintenance Scheduling | Reporting and Analytics;Customer | Maintenance Manager | Technician;;Customer | Maintenance Manager | Technician;Customer: Client | User || Maintenance Manager: Maintenance Lead | Manager || Technician: Field Engineer | Service Personnel;Generate Report | Perform Maintenance | Register New Equipment | Request Maintenance | Schedule Maintenance;Generate Report: Create Report | Produce Report || Perform Maintenance: Conduct Maintenance | Execute Maintenance || Register New Equipment: Add Equipment | Record Equipment || Request Maintenance: File Request | Submit Request || Schedule Maintenance: Arrange Maintenance | Plan Maintenance;association: Customer(actor) -> Register New Equipment(usecase) | association: Customer(actor) -> Request Maintenance(usecase) | association: Maintenance Manager(actor) -> Perform Maintenance(usecase) | association: Technician(actor) -> Schedule Maintenance(usecase) | extend: Generate Report(usecase) -> Request Maintenance(usecase) [When Change is Required] | include: Register New Equipment(usecase) -> Request Maintenance(usecase);association | extend | include;Yes;Yes;No
UCD_0018;Multi Plant DCS;DCS | Multi Plant System;Building Management Systems;Building Management Systems | Chiller Plant Operations | HVAC Control Systems | Industrial Automation | Refrigerant Management;Commercial User | Maintenance Operator | Residential User;Controller;Commercial User | Controller | Maintenance Operator | Residential User;Commercial User: Customer | User || Controller: Control System || Maintenance Operator: Maintainer | Operator || Residential User: Client | Resident | User;Alert Refrigerant Leakage | Control Chiller Sequencing | Monitor Chilled Water Temperature | Provide Cooling Service | Provide Maintenance;Alert Refrigerant Leakage: Detect Leakage | Report Leakage || Control Chiller Sequencing: Manage Sequencing | Sequence Chiller || Monitor Chilled Water Temperature: Check Temperature | Read Temperature || Provide Cooling Service: Deliver Service | Offer Cooling || Provide Maintenance: Do Maintenance | Perform Maintenance;association: Controller(actor) -> Control Chiller Sequencing(usecase) | association: Controller(actor) -> Monitor Chilled Water Temperature(usecase) | association: Controller(actor) -> Provide Cooling Service(usecase) | association: Maintenance Operator(actor) -> Provide Maintenance(usecase) | association: Residential User(actor) -> Alert Refrigerant Leakage(usecase) | extend: Provide Maintenance(usecase) -> Alert Refrigerant Leakage(usecase) [When Maintenance is Required] | generalization: Commercial User(actor) -> Residential User(actor) | generalization: Residential User(actor) -> Residential User(actor) | include: Monitor Chilled Water Temperature(usecase) -> Control Chiller Sequencing(usecase) | include: Provide Cooling Service(usecase) -> Monitor Chilled Water Temperature(usecase);association | extend | generalization | include;Yes;Yes;Yes
UCD_0019;Ticket Booking System;Booking System | Ticket System;Airline Ticketing;Airline Ticketing | Customer Service | Payment Processing | Tour Booking | Travel Agency Services;Airline Company | Customer | Tourist Company | Travel Agent;;Airline Company | Customer | Tourist Company | Travel Agent;Airline Company: Air Carrier | Airline Provider || Customer: Client | Passenger || Tourist Company: Tour Operator | Tourism Provider || Travel Agent: Agent | Travel Provider;Book Airline Ticket | Book Tour | Deliver Airlineticket | Make Payment | Pay Agent Fee;Book Airline Ticket: Reserve Ticket | Schedule Flight || Book Tour: Reserve Tour | Schedule Tour || Deliver Airlineticket: Issue Ticket | Provide Ticket || Make Payment: Process Payment | Submit Payment || Pay Agent Fee: Remit Fee | Settle Fee;association: Airline Company(actor) -> Book Airline Ticket(usecase) | association: Book Tour(usecase) -> Tourist Company(actor) | association: Customer(actor) -> Book Airline Ticket(usecase) | association: Customer(actor) -> Make Payment(usecase) | association: Customer(actor) -> Pay Agent Fee(usecase) | association: Tourist Company(actor) -> Deliver Airlineticket(usecase) | association: Travel Agent(actor) -> Book Airline Ticket(usecase) | association: Travel Agent(actor) -> Deliver Airlineticket(usecase);association;No;No;No
UCD_0020;Bike Management System;Bike System | Management System;Bike Rental Management;Bike Rental Management | Customer Relationship Management | Inventory Management | Point of Sale | System Administration;Administrator | Supervisor;;Administrator | Supervisor;Administrator: Admin | System Admin || Supervisor: Bike Supervisor | Supervisor Role;Find Bike | Handle Bike Return | Handle Enquiry | Issue Bike | Maintain Bike List | Maintain Customer List | Print Receipt;Find Bike: Locate Bike | Search Bike || Handle Bike Return: Accept Return | Process Return || Handle Enquiry: Answer Enquiry | Process Enquiry || Issue Bike: Provide Bike | Release Bike || Maintain Bike List: Manage Bike | Update Bike || Maintain Customer List: Manage Customer | Update Customer || Print Receipt: Generate Receipt;association: Administrator(actor) -> Maintain Bike List(usecase) | association: Supervisor(actor) -> Handle Bike Return(usecase) | association: Supervisor(actor) -> Issue Bike(usecase) | include: Issue Bike(usecase) -> Handle Enquiry(usecase) | include: Issue Bike(usecase) -> Print Receipt(usecase) | include: Maintain Bike List(usecase) -> Maintain Customer List(usecase) | include: Maintain Customer List(usecase) -> Find Bike(usecase);association | include;Yes;No;No
UCD_0021;Restaurant;Dining Facility | Food Service;Culinary Operations;Culinary Operations | Food Service | Order Processing | Point of Sale (POS) | Restaurant Management;Cashier | Chef | Client | Waiter;;Cashier | Chef | Client | Waiter;Cashier: Payment Processor | Teller || Chef: Cook | Kitchen Staff || Client: Customer | Diner | Patron || Waiter: Food Server | Server;Cook Food | Order Food | Pay Bill | Serve Food;Cook Food: Create Dish | Prepare Meal || Order Food: Place Order | Request Meal || Pay Bill: Process Payment | Settle Account || Serve Food: Deliver Food | Present Meal;association: Cashier(actor) -> Pay Bill(usecase) | association: Chef(actor) -> Cook Food(usecase) | association: Client(actor) -> Order Food(usecase) | association: Client(actor) -> Pay Bill(usecase) | association: Waiter(actor) -> Order Food(usecase) | association: Waiter(actor) -> Serve Food(usecase) | include: Cook Food(usecase) -> Serve Food(usecase) | include: Order Food(usecase) -> Cook Food(usecase) | include: Serve Food(usecase) -> Pay Bill(usecase);association | include;Yes;No;No
UCD_0022;School Management System;Management System | School System;Academic Reporting;Academic Reporting | Attendance Tracking | Education Management | Examination Management | Student Information Systems;Administrator | Student | Teacher;;Administrator | Student | Teacher;Administrator: School Admin | System Admin || Student: Learner | Pupil || Teacher: Educator | Instructor;Add Information | Complete Enrolment | Declare Result | Edit Information | Evaluate Exam Paper | Fill Admission Form | Mark Attendance | Prepare Exam Paper | Prepare Report Card | Write Exam;Add Information: Input Data | Record Data || Complete Enrolment: Finalize Enrolment | Process Enrolment || Declare Result: Publish Result | Report Result || Edit Information: Modify Data | Update Data || Evaluate Exam Paper: Assess Paper | Grade Paper || Fill Admission Form: Complete Form | Submit Form || Mark Attendance: Record Attendance | Track Attendance || Prepare Exam Paper: Create Exam | Design Exam || Prepare Report Card: Create Report | Generate Report || Write Exam: Compose Exam | Draft Exam;association: Administrator(actor) -> Add Information(usecase) | association: Administrator(actor) -> Prepare Report Card(usecase) | association: Student(actor) -> Fill Admission Form(usecase) | association: Teacher(actor) -> Mark Attendance(usecase) | association: Teacher(actor) -> Prepare Exam Paper(usecase) | extend: Edit Information(usecase) -> Add Information(usecase) [When  Information needs to be edited] | include: Complete Enrolment(usecase) -> Write Exam(usecase) | include: Evaluate Exam Paper(usecase) -> Declare Result(usecase) | include: Fill Admission Form(usecase) -> Complete Enrolment(usecase) | include: Prepare Exam Paper(usecase) -> Evaluate Exam Paper(usecase);association | extend | include;Yes;Yes;No
UCD_0023;Online Learning System;Learning System | Online Platform;Content Delivery;Content Delivery | Course Catalog | E-Learning | User Account Management | User Support;Service Provider | User;;Service Provider | User;Service Provider: Provider | System Admin || User: Learner | Student;Access Account | Access Quiz | Access Study Material | Change Password | Edit Profile | Register User | Update Account | Verify Account | View Contact Detail | View Course List | View Faq;Access Account: Open Account | View Account || Access Quiz: View Quiz || Access Study Material: Obtain Material | View Material || Change Password: Reset Password || Edit Profile: Modify Profile | Revise Profile || Register User: Create User || Update Account: Modify Account | Revise Account || Verify Account: Confirm Account || View Contact Detail: See Contact || View Course List: See Cours || View Faq: See Faq;association: Service Provider(actor) -> Register User(usecase) | association: Service Provider(actor) -> Verify Account(usecase) | association: User(actor) -> Access Account(usecase) | association: User(actor) -> Access Study Material(usecase) | association: User(actor) -> Edit Profile(usecase) | association: User(actor) -> View Contact Detail(usecase) | association: User(actor) -> View Course List(usecase) | association: User(actor) -> View Faq(usecase) | extend: Access Quiz(usecase) -> Access Study Material(usecase) [When Quiz Module is Required] | extend: Change Password(usecase) -> Edit Profile(usecase) [When password needs to be changed] | include: Edit Profile(usecase) -> Update Account(usecase);association | extend | include;Yes;Yes;No
UCD_0024;Order_Management_System;Management System | Order System;Inventory Control;Inventory Control | Order Processing | Procurement | Supply Chain Management | Warehouse Operations;Purchasing Manager | Warehouse Manager;;Purchasing Manager | Warehouse Manager;Purchasing Manager: Buyer | Procurement Manager || Warehouse Manager: Inventory Manager | Stock Manager;Check Part | Check Permission | Order Part | Place Order | Register Part | See Order | Segregate Order;Check Part: Inspect Part | Verify Part || Check Permission: Confirm Authority | Verify Access || Order Part: Procure Part | Request Part || Place Order: Create Order | Submit Order || Register Part: Log Part | Record Part || See Order: Inspect Order | View Order || Segregate Order: Isolate Order | Separate Order;association: Purchasing Manager(actor) -> Check Permission(usecase) | association: Purchasing Manager(actor) -> Order Part(usecase) | association: Purchasing Manager(actor) -> Place Order(usecase) | association: Warehouse Manager(actor) -> Check Part(usecase) | association: Warehouse Manager(actor) -> Register Part(usecase) | association: Warehouse Manager(actor) -> See Order(usecase) | association: Warehouse Manager(actor) -> Segregate Order(usecase) | extend: Order Part(usecase) -> Check Part(usecase) [When There are No Parts];association | extend;No;Yes;No
UCD_0025;Coffin Escape System;Coffin System | Escape System;Audience Engagement;Audience Engagement | Coffin Manufacturing | Risk Management | Safety Systems | Stunt Performance;Audience | Coffin Maker | Escape Artist | Safety Officer;;Audience | Coffin Maker | Escape Artist | Safety Officer;Audience: Spectator | Viewer || Coffin Maker: Craftsman | Maker || Escape Artist: Artist | Performer || Safety Officer: Officer | Supervisor;Allow Stunt Fluid | Enable Computer Control System | Ensure Coffin Quality | Ensure Sufficient Air | Maximize Excitement | Minimize Risk | Perform Stunt | Pump Fluid;Allow Stunt Fluid: Release Fluid || Enable Computer Control System: Activate Control | Control System || Ensure Coffin Quality: Confirm Quality | Verify Quality || Ensure Sufficient Air: Provide Air | Secure Air || Maximize Excitement: Boost Excitement || Minimize Risk: Reduce Risk || Perform Stunt: Execute Stunt || Pump Fluid: Transfer Fluid;association: Audience(actor) -> Maximize Excitement(usecase) | association: Coffin Maker(actor) -> Ensure Coffin Quality(usecase) | association: Escape Artist(actor) -> Minimize Risk(usecase) | association: Escape Artist(actor) -> Perform Stunt(usecase) | association: Safety Officer(actor) -> Minimize Risk(usecase) | extend: Enable Computer Control System(usecase) -> Pump Fluid(usecase) [When Computer Control is Required] | include: Minimize Risk(usecase) -> Ensure Coffin Quality(usecase) | include: Minimize Risk(usecase) -> Ensure Sufficient Air(usecase) | include: Perform Stunt(usecase) -> Allow Stunt Fluid(usecase) | include: Perform Stunt(usecase) -> Pump Fluid(usecase);association | extend | include;Yes;Yes;No
UCD_0026;Healthcare;Care System | Health System;Healthcare Administration;Healthcare Administration | Legal and Regulatory Compliance | Medical Treatment and Assessment | Patient Admission and Discharge | Patient Record Management;Administrative Clerk | Doctor | Guardian | Nurse | Patient;;Administrative Clerk | Doctor | Guardian | Nurse | Patient;Administrative Clerk: Admin Staff | Clerk || Doctor: Clinician | Physician || Guardian: Caregiver | Protector || Nurse: Care Nurse || Patient: Individual | Recipient;Admit Patient | Advise Medical Treatment | Assess Patient Status | Maintain Progress Report | Obtain Legal Authorization | Recommend Patient Discharge | Record Initial Complaint | Review Discharge Summary;Admit Patient: Accept Patient | Register Recipient || Advise Medical Treatment: Provide Advice | Suggest Treatment || Assess Patient Status: Check Status | Evaluate Patient || Maintain Progress Report: Track Progress | Update Report || Obtain Legal Authorization: Gain Consent | Secure Approval || Recommend Patient Discharge: Propose Release | Suggest Discharge || Record Initial Complaint: Log Complaint | Note Issue || Review Discharge Summary: Examine Summary | Inspect Report;association: Administrative Clerk(actor) -> Record Initial Complaint(usecase) | association: Doctor(actor) -> Advise Medical Treatment(usecase) | association: Doctor(actor) -> Assess Patient Status(usecase) | association: Guardian(actor) -> Admit Patient(usecase) | association: Nurse(actor) -> Assess Patient Status(usecase) | association: Patient(actor) -> Admit Patient(usecase) | include: Advise Medical Treatment(usecase) -> Maintain Progress Report(usecase) | include: Maintain Progress Report(usecase) -> Recommend Patient Discharge(usecase) | include: Obtain Legal Authorization(usecase) -> Review Discharge Summary(usecase) | include: Record Initial Complaint(usecase) -> Obtain Legal Authorization(usecase);association | include;Yes;No;No
UCD_0027;POS;POS System | Point Of Sale;Financial Transactions;Financial Transactions | Point of Sale Systems | Retail Management | Sales Analytics | User Account Management;Cashier | Customer | Manager | System Administrator;Accounting System | Sales Activity System | Tax Calculator;Accounting System | Cashier | Customer | Manager | Sales Activity System | System Administrator | Tax Calculator;Accounting System: Finance System || Cashier: Clerk || Customer: Patron | Shopper || Manager: Supervisor || Sales Activity System: Sales System || System Administrator: Admin | System Admin || Tax Calculator: Tax Engine;Analyze Activity | Collect Cash | Handle Return | Manage Security | Manage User | Process Sale;Analyze Activity: Assess Activity | Review Activity || Collect Cash: Accept Cash | Receive Payment || Handle Return: Accept Return | Process Return || Manage Security: Control Access | Secure System || Manage User: Maintain User | Update User || Process Sale: Complete Sale | Record Sale;association: Cashier(actor) -> Collect Cash(usecase) | association: Customer(actor) -> Process Sale(usecase) | association: Manager(actor) -> Collect Cash(usecase) | association: Manager(actor) -> Process Sale(usecase) | association: Process Sale(usecase) -> Accounting System(actor) | association: Sales Activity System(actor) -> Analyze Activity(usecase) | association: System Administrator(actor) -> Manage User(usecase) | association: Tax Calculator(actor) -> Collect Cash(usecase) | extend: Handle Return(usecase) -> Process Sale(usecase) [When the Sale is Not satisfactory] | include: Analyze Activity(usecase) -> Manage User(usecase) | include: Manage User(usecase) -> Manage Security(usecase);association | extend | include;Yes;Yes;No
UCD_0028;Train Ticket Reservation;Ticket System | Train Reservation;Online Payment Processing;Online Payment Processing | Ticket Issuance | Train Schedule Management | Train Travel Booking | User Account Management;Customer;Ticket Booking App;Customer | Ticket Booking App;Customer: Passenger | User || Ticket Booking App: App | Booking Application;Access User Account | Choose Destination | Choose Origin | Choose Train | Issue Ticket | Make Payment | Receive Payment | Show Alternative Train | Show Available Seat | Show Available Train;Access User Account: Open Account | View Account || Choose Destination: Select Destination || Choose Origin: Select Origin || Choose Train: Select Train || Issue Ticket: Create Ticket | Generate Ticket || Make Payment: Submit Payment || Receive Payment: Accept Payment || Show Alternative Train: Display Alternative || Show Available Seat: Display Seat || Show Available Train: Display Train;association: Customer(actor) -> Access User Account(usecase) | association: Customer(actor) -> Make Payment(usecase) | association: Ticket Booking App(actor) -> Choose Origin(usecase) | association: Ticket Booking App(actor) -> Receive Payment(usecase) | association: Ticket Booking App(actor) -> Show Available Train(usecase) | extend: Show Alternative Train(usecase) -> Show Available Train(usecase) [When Trains are Not Available] | include: Access User Account(usecase) -> Choose Origin(usecase) | include: Choose Origin(usecase) -> Choose Destination(usecase) | include: Receive Payment(usecase) -> Issue Ticket(usecase) | include: Show Available Seat(usecase) -> Choose Train(usecase) | include: Show Available Train(usecase) -> Show Available Seat(usecase);association | extend | include;Yes;Yes;No
UCD_0029;Parking System;Park System | Parking Facility;Parking Management;Parking Management | Payment Processing | Rate Management | Receipt Generation | User Authentication;Driver | Parking Manager;;Driver | Parking Manager;Driver: Operator | Vehicle Operator || Parking Manager: Manager | Park Admin;Adjust Daily Rate | Adjust Hourly Rate | Adjust Rate | Pay Parking Bill | Print Reciept;Adjust Daily Rate: Modify Rate | Set Daily Rate || Adjust Hourly Rate: Modify Rate | Set Hourly Rate || Adjust Rate: Modify Rate | Set Rate || Pay Parking Bill: Settle Bill | Submit Payment || Print Reciept: Generate Receipt | Issue Receipt;association: Driver(actor) -> Pay Parking Bill(usecase) | association: Parking Manager(actor) -> Adjust Rate(usecase) | association: Parking Manager(actor) -> Print Reciept(usecase) | generalization: Adjust Daily Rate(usecase) -> Adjust Rate(usecase) | generalization: Adjust Hourly Rate(usecase) -> Adjust Rate(usecase);association | generalization;No;No;Yes
UCD_0030;Surveillance System ;Surveillance | Watch System;Environmental Monitoring;Environmental Monitoring | Geospatial Data Processing | Mission Planning | Security Systems | Wildlife Monitoring;Bear | Mission Operator | Sheep;GPS Constellation | Ground Station | Weather;Bear | GPS Constellation | Ground Station | Mission Operator | Sheep | Weather;Bear: Predator || GPS Constellation: GPS || Ground Station: Control Station | Station || Mission Operator: Mission Control | Operator || Sheep: Livestock || Weather: Atmosphere;Enter Safe Zone | Monitor System | Parameterize Mission | Plan Mission | Prepare Mission | Protect Sheep | Survey Safe Zone;Enter Safe Zone: Access Zone || Monitor System: Check System || Parameterize Mission: Define Mission || Plan Mission: Create Plan || Prepare Mission: Ready Mission || Protect Sheep: Guard Livestock || Survey Safe Zone: Scan Zone;association: Bear(actor) -> Enter Safe Zone(usecase) | association: GPS Constellation(actor) -> Monitor System(usecase) | association: Ground Station(actor) -> Monitor System(usecase) | association: Ground Station(actor) -> Prepare Mission(usecase) | association: Ground Station(actor) -> Survey Safe Zone(usecase) | association: Mission Operator(actor) -> Monitor System(usecase) | association: Mission Operator(actor) -> Survey Safe Zone(usecase) | association: Sheep(actor) -> Protect Sheep(usecase) | association: Weather(actor) -> Monitor System(usecase) | extend: Protect Sheep(usecase) -> Survey Safe Zone(usecase) [When Predator Enters Safe Zone] | include: Prepare Mission(usecase) -> Parameterize Mission(usecase) | include: Prepare Mission(usecase) -> Plan Mission(usecase);association | extend | include;Yes;Yes;No
UCD_0031;Coursework Management;Course Management | Course System;Academic Record Keeping;Academic Record Keeping | Course Management | Educational Administration | Learning Management Systems | Student Assessment;Administrator | Lecturer | Student | Submitter;;Administrator | Lecturer | Student | Submitter;Administrator: Admin | System Manager || Lecturer: Course Tutor | Instructor || Student: Course Participant | Learner || Submitter: Contributor;Publlish Mark | Retrieve Coursework | Retrieve Mark | Set Up Course Configuration | Submit Coursework;Publlish Mark: Publish Mark | Release Mark || Retrieve Coursework: Get Coursework || Retrieve Mark: Get Mark || Set Up Course Configuration: Configure Course | Setup Course || Submit Coursework: Send Coursework;association: Administrator(actor) -> Set Up Course Configuration(usecase) | association: Lecturer(actor) -> Retrieve Coursework(usecase) | association: Student(actor) -> Retrieve Mark(usecase) | association: Student(actor) -> Submit Coursework(usecase) | association: Submitter(actor) -> Publlish Mark(usecase) | extend: Retrieve Mark(usecase) -> Submit Coursework(usecase) [When Marks are Requested];association | extend;No;Yes;No
UCD_0032;Renewable Energy Monitoring System;Energy Monitor | Energy System | Renewable System;Energy Data Analytics;Energy Data Analytics | Renewable Energy Management | Sensor Management | System Administration | Turbine Monitoring;Control Engineer | Field Control Engineer | System Administrator;;Control Engineer | Field Control Engineer | System Administrator;Control Engineer: Controller | System Control || Field Control Engineer: Field Controller | Remote Control || System Administrator: Admin | System Manager;Analyze Energy Data | Generate Energy Report | Monitor Turbine | Perform Equipment Check | Register New Sensor;Analyze Energy Data: Process Data | Review Data || Generate Energy Report: Create Report | Produce Report || Monitor Turbine: Observe Turbine | Track Turbine || Perform Equipment Check: Check Equipment | Inspect Equipment || Register New Sensor: Add Sensor | Define Sensor;association: Control Engineer(actor) -> Analyze Energy Data(usecase) | association: Field Control Engineer(actor) -> Monitor Turbine(usecase) | association: Field Control Engineer(actor) -> Register New Sensor(usecase) | association: System Administrator(actor) -> Perform Equipment Check(usecase) | extend: Generate Energy Report(usecase) -> Monitor Turbine(usecase) [When Report is Required] | include: Register New Sensor(usecase) -> Monitor Turbine(usecase);association | extend | include;Yes;Yes;No
UCD_0033;Game;Game Platform | Gaming System;Game Management;Game Management | Game Settings Configuration | Leaderboard Administration | Player Engagement | User Account Management;Game Administrator | Player;;Game Administrator | Player;Game Administrator: Admin | Game Manager || Player: Gamer | Participant;Edit Leaderboard | Fetch Leaderboard | Modify Setting | Play Game | Update Leaderboard | View Leaderboard;Edit Leaderboard: Adjust Leaderboard | Change Leaderboard || Fetch Leaderboard: Get Leaderboard | Retrieve Leaderboard || Modify Setting: Adjust Setting | Change Setting || Play Game: Run Game | Start Game || Update Leaderboard: Refresh Leaderboard | Revise Leaderboard || View Leaderboard: Inspect Leaderboard | See Leaderboard;association: Game Administrator(actor) -> Edit Leaderboard(usecase) | association: Game Administrator(actor) -> Modify Setting(usecase) | association: Game Administrator(actor) -> Update Leaderboard(usecase) | association: Player(actor) -> Modify Setting(usecase) | association: Player(actor) -> Play Game(usecase) | association: Player(actor) -> View Leaderboard(usecase) | include: Play Game(usecase) -> Update Leaderboard(usecase) | include: View Leaderboard(usecase) -> Fetch Leaderboard(usecase);association | include;Yes;No;No
UCD_0034;Trading System;Trade System | Trading Platform;Account Management;Account Management | Financial Regulations | Financial Trading | Risk Management | Trade Execution;Trader | Trading Manager;Accounting System;Accounting System | Trader | Trading Manager;Accounting System: Finance System | Ledger System || Trader: Market Participant | Trade Operator || Trading Manager: Market Manager | Trade Supervisor;Analyze Risk | Capture Deal | Display Price | Set Limit | Update Account;Analyze Risk: Assess Risk | Evaluate Risk || Capture Deal: Log Deal | Record Trade || Display Price: Present Price | Show Price || Set Limit: Define Limit | Establish Limit || Update Account: Adjust Account | Modify Account;association: Accounting System(actor) -> Update Account(usecase) | association: Trader(actor) -> Analyze Risk(usecase) | association: Trader(actor) -> Capture Deal(usecase) | association: Trader(actor) -> Display Price(usecase) | association: Trading Manager(actor) -> Set Limit(usecase);association;No;No;No
UCD_0035;Bank;Banking System | Financial Institution;Account Management;Account Management | Banking Operations | Customer Service | Financial Transactions | Funds Management;Bank Employee | Customer;;Bank Employee | Customer;Bank Employee: Bank Staff | Teller || Customer: Account Holder | Bank Client;Deposit Fund | Open Account | Proivde Service | Update Balance | Withdraw Fund;Deposit Fund: Add Fund | Receive Fund || Open Account: Create Account | Establish Account || Proivde Service: Deliver Service | Offer Service || Update Balance: Adjust Balance | Modify Balance || Withdraw Fund: Dispense Fund | Remove Fund;association: Bank Employee(actor) -> Proivde Service(usecase) | association: Customer(actor) -> Deposit Fund(usecase) | association: Customer(actor) -> Open Account(usecase) | association: Customer(actor) -> Withdraw Fund(usecase) | include: Deposit Fund(usecase) -> Update Balance(usecase) | include: Withdraw Fund(usecase) -> Update Balance(usecase);association | include;Yes;No;No
UCD_0036;Automobile Service Management System;Auto Management | Service System | Vehicle System;Appointment Scheduling;Appointment Scheduling | Automotive Service Management | Customer Relationship Management | Spare Parts Inventory | Vehicle Maintenance;Car Owner | Service Engineer | Service Representative | Technician;;Car Owner | Service Engineer | Service Representative | Technician;Car Owner: Customer | Vehicle Owner || Service Engineer: Engineer | Service Specialist || Service Representative: Rep | Service Agent || Technician: Mechanic | Service Tech;Book Appointment | Book Service Appointment | Generate Service Report | Inspect Vehicle | Register Contact Information | Register Spare Part | Repair Vehicle;Book Appointment: Arrange Booking | Schedule Visit || Book Service Appointment: Arrange Service | Schedule Service || Generate Service Report: Create Report | Produce Report || Inspect Vehicle: Check Vehicle | Examine Vehicle || Register Contact Information: Capture Contact | Record Contact || Register Spare Part: Add Part | Record Part || Repair Vehicle: Fix Vehicle | Restore Vehicle;association: Car Owner(actor) -> Book Service Appointment(usecase) | association: Car Owner(actor) -> Register Spare Part(usecase) | association: Service Engineer(actor) -> Inspect Vehicle(usecase) | association: Service Representative(actor) -> Book Appointment(usecase) | association: Service Representative(actor) -> Register Contact Information(usecase) | association: Technician(actor) -> Repair Vehicle(usecase) | extend: Generate Service Report(usecase) -> Book Service Appointment(usecase) [When Service is Required] | include: Register Spare Part(usecase) -> Book Service Appointment(usecase);association | extend | include;Yes;Yes;No
UCD_0037;Clinic Management;Clinic System | Healthcare System | Medical Center;Clinical Reporting;Clinical Reporting | Healthcare Information Management | Medical Records Management | Patient Scheduling | Prescription Management;Doctor | Nurse | Patient;;Doctor | Nurse | Patient;Doctor: Clinician | Physician || Nurse: Caregiver | Practitioner || Patient: Client | Individual;Enter Patient Information | Give Prescription | Print Report | Record Visit Information | Schedule Appointment | View Patient History;Enter Patient Information: Input Data | Record Detail || Give Prescription: Issue Prescription | Provide Medication || Print Report: Generate Report | Output Report || Record Visit Information: Document Visit | Log Visit || Schedule Appointment: Arrange Visit | Book Appointment || View Patient History: Inspect Record | Review History;association: Doctor(actor) -> Give Prescription(usecase) | association: Doctor(actor) -> View Patient History(usecase) | association: Nurse(actor) -> Print Report(usecase) | association: Patient(actor) -> Enter Patient Information(usecase) | association: Patient(actor) -> Schedule Appointment(usecase) | include: Schedule Appointment(usecase) -> Record Visit Information(usecase);association | include;Yes;No;No
UCD_0038;Car Maintenance;Auto Care | Vehicle Maintenance;Automotive Maintenance;Automotive Maintenance | Insurance Claim Management | Parts Ordering and Logistics | Payment Processing | Vehicle Repair Services;Customer | Mechanic;Service Center;Customer | Mechanic | Service Center;Customer: Car Owner | Vehicle Owner || Mechanic: Auto Technician | Service Technician || Service Center: Auto Shop | Repair Facility;Claim Insurance | Deliver Car | Make Payment | Monitor Activity | Order Part | Perform Maintenance | Raise Request | Receive Payment | Send Invoice | Ship Part;Claim Insurance: File Claim || Deliver Car: Return Vehicle || Make Payment: Process Payment | Submit Payment || Monitor Activity: Track Activity || Order Part: Procure Part | Request Part || Perform Maintenance: Conduct Maintenance | Execute Maintenance || Raise Request: Create Request | Submit Request || Receive Payment: Accept Payment | Collect Payment || Send Invoice: Deliver Invoice | Issue Invoice || Ship Part: Dispatch Part;association: Customer(actor) -> Claim Insurance(usecase) | association: Customer(actor) -> Make Payment(usecase) | association: Customer(actor) -> Raise Request(usecase) | association: Mechanic(actor) -> Perform Maintenance(usecase) | association: Service Center(actor) -> Deliver Car(usecase) | association: Service Center(actor) -> Monitor Activity(usecase) | association: Service Center(actor) -> Order Part(usecase) | association: Service Center(actor) -> Receive Payment(usecase) | association: Service Center(actor) -> Ship Part(usecase) | extend: Order Part(usecase) -> Perform Maintenance(usecase) [When part is missing] | include: Monitor Activity(usecase) -> Send Invoice(usecase);association | extend | include;Yes;Yes;No
UCD_0039;Lab  Testing System;Lab System | Testing System;Healthcare Administration;Healthcare Administration | Laboratory Information Management | Medical Testing | Patient Management | Prescription Management;Lab Technician | Medical Officer | Patient;;Lab Technician | Medical Officer | Patient;Lab Technician: Lab Worker | Technician || Medical Officer: Doctor | Physician || Patient: Individual | Subject;Assess Patient | Fill Form | Give Result | Perform Test | Prescribe Medication | Prescribe Test;Assess Patient: Evaluate Patient | Examine Patient || Fill Form: Complete Form | Enter Data || Give Result: Provide Result | Report Result || Perform Test: Execute Test | Run Test || Prescribe Medication: Order Medication || Prescribe Test: Order Test;association: Lab Technician(actor) -> Give Result(usecase) | association: Lab Technician(actor) -> Perform Test(usecase) | association: Medical Officer(actor) -> Assess Patient(usecase) | association: Medical Officer(actor) -> Prescribe Medication(usecase) | association: Medical Officer(actor) -> Prescribe Test(usecase) | association: Patient(actor) -> Fill Form(usecase) | association: Patient(actor) -> Perform Test(usecase);association;No;No;No
UCD_0040;Course Registration;Course System | Registration System;Academic Registration;Academic Registration | Course Management | Educational Services | Higher Education Administration | Student Information Systems;Professor | Registrar | Student;;Professor | Registrar | Student;Professor: Faculty Member | Instructor || Registrar: Registrar Office | Registration Staff || Student: Enrollee | Learner;Close Registration | Drop Course | Enrol In College | Register For Course | Select Course;Close Registration: End Registration | Terminate Registration || Drop Course: Cancel Course | Remove Course || Enrol In College: Enter College | Join College || Register For Course: Add Course | Enroll Course || Select Course: Choose Course | Pick Course;association: Professor(actor) -> Select Course(usecase) | association: Registrar(actor) -> Close Registration(usecase) | association: Student(actor) -> Enrol In College(usecase) | association: Student(actor) -> Register For Course(usecase) | extend: Drop Course(usecase) -> Register For Course(usecase) [When change is required] | include: Enrol In College(usecase) -> Register For Course(usecase);association | extend | include;Yes;Yes;No
UCD_0041;Flight Reservation System;Flight System | Reservation System;Airline Reservation;Airline Reservation | Customer Service | Flight Operations | Travel Management | User Account Management;Administrator | Agent | Customer;;Administrator | Agent | Customer;Administrator: Admin | System Admin || Agent: Travel Agent || Customer: Passenger | Traveler;Assist Passenger | Book Ticket | Cancel Booking | Check Availability | Edit Booking | Manage Flight Schedule | Manage Reservation | Manage User Account | Resolve Technical Issue | Search Flight;Assist Passenger: Aid Passenger || Book Ticket: Issue Ticket || Cancel Booking: Void Booking || Check Availability: Verify Availability || Edit Booking: Modify Booking || Manage Flight Schedule: Handle Schedule || Manage Reservation: Handle Reservation || Manage User Account: Handle Account || Resolve Technical Issue: Fix Issue || Search Flight: Find Flight;association: Administrator(actor) -> Manage Flight Schedule(usecase) | association: Administrator(actor) -> Manage User Account(usecase) | association: Administrator(actor) -> Resolve Technical Issue(usecase) | association: Agent(actor) -> Assist Passenger(usecase) | association: Agent(actor) -> Edit Booking(usecase) | association: Agent(actor) -> Manage Reservation(usecase) | association: Customer(actor) -> Book Ticket(usecase) | association: Customer(actor) -> Search Flight(usecase) | extend: Cancel Booking(usecase) -> Manage Reservation(usecase) [When the booking needs to be cancelled] | include: Assist Passenger(usecase) -> Check Availability(usecase);association | extend | include;Yes;Yes;No
UCD_0042;Loan Management;Loan System | Mortgage System;Credit Risk Assessment;Credit Risk Assessment | Financial Services | Home Finance | Loan Origination | Mortgage Lending;Home Buyer | Loan Officer;;Home Buyer | Loan Officer;Home Buyer: Applicant | Borrower | Buyer || Loan Officer: Lender | Loan Specialist;Assess Home Value | Check Credit History | Check Eligibility | Process Loan Application | Process Mortgage Application | Sanction Loan;Assess Home Value: Estimate Value | Value Home || Check Credit History: Review Credit | Verify Credit || Check Eligibility: Verify Eligibility || Process Loan Application: Handle Loan | Review Loan || Process Mortgage Application: Handle Mortgage | Review Mortgage || Sanction Loan: Approve Loan | Fund Loan;association: Home Buyer(actor) -> Process Loan Application(usecase) | association: Home Buyer(actor) -> Process Mortgage Application(usecase) | association: Loan Officer(actor) -> Assess Home Value(usecase) | association: Loan Officer(actor) -> Check Credit History(usecase) | association: Loan Officer(actor) -> Check Eligibility(usecase) | association: Loan Officer(actor) -> Sanction Loan(usecase);association;No;No;No
UCD_0043;Boarding System;Boarding | System;Airline Boarding;Airline Boarding | Luggage Handling | Passenger Services | Ticket Management | Travel Logistics;Passenger | Ticket Clerk;;Passenger | Ticket Clerk;Passenger: Patron | Traveler || Ticket Clerk: Agent | Clerk;Assign Seat | Give Ticket | Handle Luggage | Handover Luggage | Weigh Luggage;Assign Seat: Allocate Seat || Give Ticket: Issue Ticket || Handle Luggage: Manage Luggage || Handover Luggage: Transfer Luggage || Weigh Luggage: Scale Luggage;association: Passenger(actor) -> Give Ticket(usecase) | association: Passenger(actor) -> Handover Luggage(usecase) | association: Ticket Clerk(actor) -> Handle Luggage(usecase) | include: Handle Luggage(usecase) -> Assign Seat(usecase) | include: Handle Luggage(usecase) -> Weigh Luggage(usecase);association | include;Yes;No;No
UCD_0044;Energy Distribution Management System;Distribution System | Energy System | Power Management;Billing and Reporting;Billing and Reporting | Energy Distribution | Power Grid Management | Power Supply Allocation | System Authentication;Grid Operator;Control Center System;Control Center System | Grid Operator;Control Center System: Center System | Control System || Grid Operator: Grid Control | Operator;Activate Backup Line | Allocate Power Supply | Authenticate Operator | Check Transformer Load | Generate Energy Report | Monitor Power Flow | Record Energy Usage | Select Distribution Area | Select Power Source | Validate Energy Billing;Activate Backup Line: Enable Line | Start Line || Allocate Power Supply: Assign Supply | Provide Power || Authenticate Operator: Confirm Operator | Verify Operator || Check Transformer Load: Inspect Load | Review Load || Generate Energy Report: Create Report | Produce Report || Monitor Power Flow: Observe Flow | Track Flow || Record Energy Usage: Capture Usage | Log Usage || Select Distribution Area: Choose Area | Pick Area || Select Power Source: Choose Source | Pick Source || Validate Energy Billing: Confirm Billing | Verify Billing;association: Control Center System(actor) -> Monitor Power Flow(usecase) | association: Control Center System(actor) -> Select Power Source(usecase) | association: Control Center System(actor) -> Validate Energy Billing(usecase) | association: Grid Operator(actor) -> Authenticate Operator(usecase) | association: Grid Operator(actor) -> Record Energy Usage(usecase) | extend: Activate Backup Line(usecase) -> Monitor Power Flow(usecase) [When Main Power is not Available] | include: Authenticate Operator(usecase) -> Select Power Source(usecase) | include: Check Transformer Load(usecase) -> Allocate Power Supply(usecase) | include: Monitor Power Flow(usecase) -> Check Transformer Load(usecase) | include: Select Power Source(usecase) -> Select Distribution Area(usecase) | include: Validate Energy Billing(usecase) -> Generate Energy Report(usecase);association | extend | include;Yes;Yes;No
UCD_0045;Fire Alarm System;Alarm System | Fire System;Alarm Systems;Alarm Systems | Emergency Response | Fire Safety | Sensor Integration | System Maintenance;Civillian | Fire Department | Installation Personnel | Maintenance Operator | Technician;Sensor;Civillian | Fire Department | Installation Personnel | Maintenance Operator | Sensor | Technician;Civillian: Occupant | Resident || Fire Department: Emergency Service | Fire Crew || Installation Personnel: Installer | Setup Crew || Maintenance Operator: Operator | System Maintainer || Sensor: Detector || Technician: Service Personnel | System Expert;Alert User | Detect Fire | Display Standby | Handle False Alarm | Handle System Fault | Inform Authority | Initialize System | Perform Maintenance | Shutdown System | Warn Environment;Alert User: Notify User || Detect Fire: Sense Fire || Display Standby: Show Status || Handle False Alarm: Clear Alarm | Resolve Alarm || Handle System Fault: Correct Error | Resolve Fault || Inform Authority: Notify Authority || Initialize System: Boot System | Start System || Perform Maintenance: Conduct Service || Shutdown System: Stop System || Warn Environment: Notify Area;association: Civillian(actor) -> Alert User(usecase) | association: Fire Department(actor) -> Shutdown System(usecase) | association: Handle False Alarm(usecase) -> Civillian(actor) | association: Inform Authority(usecase) -> Fire Department(actor) | association: Initialize System(usecase) -> Technician(actor) | association: Maintenance Operator(actor) -> Handle System Fault(usecase) | association: Maintenance Operator(actor) -> Perform Maintenance(usecase) | association: Sensor(actor) -> Detect Fire(usecase) | association: Technician(actor) -> Shutdown System(usecase) | extend: Handle False Alarm(usecase) -> Warn Environment(usecase) [When There is False Trigger] | extend: Handle System Fault(usecase) -> Detect Fire(usecase) [When Fault is Detected] | generalization: Installation Personnel(actor) -> Technician(actor) | generalization: Maintenance Operator(actor) -> Technician(actor) | include: Detect Fire(usecase) -> Display Standby(usecase) | include: Detect Fire(usecase) -> Initialize System(usecase) | include: Detect Fire(usecase) -> Shutdown System(usecase) | include: Warn Environment(usecase) -> Alert User(usecase) | include: Warn Environment(usecase) -> Inform Authority(usecase);association | extend | generalization | include;Yes;Yes;Yes
UCD_0046;Exam Mobile Application ;Exam App | Exam System | Mobile Exam;Candidate Registration;Candidate Registration | Exam Result Management | Reporting and Analytics | Transcript Verification | User Account Management;Data Entry Personnel | Data Manager | Qualification Manager | Student;;Data Entry Personnel | Data Manager | Qualification Manager | Student;Data Entry Personnel: Data Entry | Entry Staff || Data Manager: Data Admin | Info Manager || Qualification Manager: Credential Manager | Qualification Admin || Student: Candidate | Learner;Access Account | Authorize Result | Edit Result | Enter Result | Generate Report | Generate Transcript | Publish Result | Recieve Transcript | Register Candidate | Terminate Session | Update Information | Verify Result | Verify Transcript | View Registration Data | View Result;Access Account: Login Account | Open Account || Authorize Result: Approve Result | Confirm Result || Edit Result: Change Result | Modify Result || Enter Result: Input Result | Record Result || Generate Report: Create Report | Produce Report || Generate Transcript: Create Transcript | Produce Transcript || Publish Result: Post Result | Release Result || Recieve Transcript: Get Transcript | Obtain Transcript || Register Candidate: Add Candidate | Enroll Candidate || Terminate Session: Close Session | End Session || Update Information: Change Info | Modify Info || Verify Result: Check Result | Confirm Result || Verify Transcript: Check Transcript | Confirm Transcript || View Registration Data: Inspect Registration | See Registration || View Result: Inspect Result | See Result;association: Data Entry Personnel(actor) -> Access Account(usecase) | association: Data Entry Personnel(actor) -> Register Candidate(usecase) | association: Data Entry Personnel(actor) -> Terminate Session(usecase) | association: Data Manager(actor) -> Verify Result(usecase) | association: Qualification Manager(actor) -> Authorize Result(usecase) | association: Qualification Manager(actor) -> Generate Transcript(usecase) | association: Student(actor) -> Access Account(usecase) | association: Student(actor) -> Terminate Session(usecase) | association: Student(actor) -> View Registration Data(usecase) | association: Student(actor) -> View Result(usecase) | extend: Edit Result(usecase) -> Verify Result(usecase) [When Change is Required] | include: Authorize Result(usecase) -> Publish Result(usecase) | include: Enter Result(usecase) -> Update Information(usecase) | include: Generate Transcript(usecase) -> Recieve Transcript(usecase) | include: Recieve Transcript(usecase) -> Verify Transcript(usecase) | include: Register Candidate(usecase) -> Enter Result(usecase) | include: Verify Result(usecase) -> Generate Report(usecase);association | extend | include;Yes;Yes;No
UCD_0047;Airport Management System;Airport System | Management System;Air Traffic Control;Air Traffic Control | Airport Operations | Conflict Management | Mission Planning | Safety and Security;;ATC | Airport Safety Team | Ground Operations Team;ATC | Airport Safety Team | Ground Operations Team;ATC: Air Traffic || Airport Safety Team: Airport Safety | Safety Team || Ground Operations Team: Ground Team | Operations Staff;Alert During Conflict | Manage Clearance | Manage Control Zone | Plan Mission | Prevent Conflict;Alert During Conflict: Alert Conflict | Conflict Alert || Manage Clearance: Clearance Management || Manage Control Zone: Control Zone Management | Zone Management || Plan Mission: Mission Planning || Prevent Conflict: Conflict Prevention;association: ATC(actor) -> Alert During Conflict(usecase) | association: ATC(actor) -> Manage Clearance(usecase) | association: ATC(actor) -> Manage Control Zone(usecase) | association: ATC(actor) -> Plan Mission(usecase) | association: ATC(actor) -> Prevent Conflict(usecase) | association: Airport Safety Team(actor) -> Alert During Conflict(usecase) | association: Airport Safety Team(actor) -> Plan Mission(usecase) | association: Ground Operations Team(actor) -> Alert During Conflict(usecase) | extend: Alert During Conflict(usecase) -> Prevent Conflict(usecase) [When Conflict Occurs];association | extend;No;Yes;No
UCD_0048;Monitoring System;Monitor System | System Monitor;Environmental Monitoring;Environmental Monitoring | Fault Management | Operator Interface | Security Monitoring | System Administration;Advanced Operator | Intruder | Operator | Supervisor;;Advanced Operator | Intruder | Operator | Supervisor;Advanced Operator: Expert User | Senior Staff || Intruder: Attacker | Threat || Operator: Staff | User || Supervisor: Manager | Overseer;Handle Camera Fault | Initialize System | Monitor Environment | Perform Autonomous Monitoring | Perform Manual Monitoring | Setup Track | Terminate System;Handle Camera Fault: Fix Camera | Resolve Fault || Initialize System: Boot System | Start System || Monitor Environment: Assess Environment | Observe Environment || Perform Autonomous Monitoring: Execute Monitoring | Run Monitoring || Perform Manual Monitoring: Execute Monitoring | Run Monitoring || Setup Track: Configure Track | Define Track || Terminate System: End System | Stop System;association: Advanced Operator(actor) -> Perform Manual Monitoring(usecase) | association: Advanced Operator(actor) -> Setup Track(usecase) | association: Intruder(actor) -> Monitor Environment(usecase) | association: Operator(actor) -> Perform Autonomous Monitoring(usecase) | association: Supervisor(actor) -> Handle Camera Fault(usecase) | extend: Handle Camera Fault(usecase) -> Monitor Environment(usecase) [When Fault is Detected] | generalization: Perform Autonomous Monitoring(usecase) -> Monitor Environment(usecase) | generalization: Perform Manual Monitoring(usecase) -> Monitor Environment(usecase) | include: Monitor Environment(usecase) -> Initialize System(usecase) | include: Monitor Environment(usecase) -> Terminate System(usecase);association | extend | generalization | include;Yes;Yes;Yes
UCD_0049;Missile System;Missile | Weapon System;Failure Management;Failure Management | Launch Operations | Missile Defense | System Testing | Weapon Systems;;Launch Station;Launch Station;Launch Station: Firing Post | Launcher;Engage Target | Execute Failed Launch Procedure | Launch Missile | Trigger Test;Engage Target: Attack Target | Target Engagement || Execute Failed Launch Procedure: Handle Launch Failure | Manage Failure || Launch Missile: Fire Missile || Trigger Test: Initiate Test | Run Test;association: Launch Station(actor) -> Engage Target(usecase) | association: Launch Station(actor) -> Execute Failed Launch Procedure(usecase) | association: Launch Station(actor) -> Launch Missile(usecase) | extend: Execute Failed Launch Procedure(usecase) -> Launch Missile(usecase) [When Missile Launch Fails] | include: Launch Missile(usecase) -> Trigger Test(usecase);association | extend | include;Yes;Yes;No
