CaseId,SystemName,RelationshipType,SourceName,SourceType,TargetName,TargetType,Extension
1,Online Shopping System,association,Backend Database System,actor,Register User,usecase,
1,Online Shopping System,association,User,actor,Buy Product,usecase,
1,Online Shopping System,association,User,actor,Add To Cart,usecase,
1,Online Shopping System,association,User,actor,Register User,usecase,
1,Online Shopping System,association,Backend Database System,actor,Update Product Detail,usecase,
1,Online Shopping System,association,Backend Database System,actor,Recommend New Product,usecase,
1,Online Shopping System,association,Administrator,actor,Update Product Detail,usecase,
1,Online Shopping System,association,Administrator,actor,Delete Product,usecase,
1,Online Shopping System,association,Administrator,actor,Add Product,usecase,
1,Online Shopping System,association,User,actor,Report Technical Issue,usecase,
1,Online Shopping System,association,User,actor,Access Account,usecase,
1,Online Shopping System,extend,View Product,usecase,Add To Cart,usecase,When Product Needs to be Viewed
2,Administration Application,association,Helpdesk,actor,Manage Logs,usecase,
2,Administration Application,association,Helpdesk,actor,Manage Session,usecase,
2,Administration Application,association,Website Administrator,actor,Manage Logs,usecase,
2,Administration Application,association,Website Administrator,actor,Manage Session,usecase,
2,Administration Application,association,Website Administrator,actor,Manage User,usecase,
2,Administration Application,include,Manage Access Control Policy,usecase,Perform System Backup,usecase,
2,Administration Application,include,Manage Logs,usecase,Manage Access Control Policy,usecase,
3,Design Support System,association,Client,actor,Finalize Product,usecase,
3,Design Support System,association,Engineer,actor,Finalize Product,usecase,
3,Design Support System,association,Client,actor,Verify Client Requirement,usecase,
3,Design Support System,association,Administration,actor,Verify Client Requirement,usecase,
3,Design Support System,association,Engineer,actor,Approve Structural Design,usecase,
3,Design Support System,extend,Report Issue,usecase,Finalize Product,usecase,When an Issue is Found
3,Design Support System,include,Verify Client Requirement,usecase,Finalize Product,usecase,
3,Design Support System,include,Validate Furniture Design,usecase,Verify Client Requirement,usecase,
3,Design Support System,include,Approve Structural Design,usecase,Validate Furniture Design,usecase,
3,Design Support System,include,Approve Structural Design,usecase,Approve Heating Design,usecase,
4,Vehicle ,association,Vehicle Occupant,actor,Control Vehicle Accessory,usecase,
4,Vehicle ,association,Vehicle Occupant,actor,Exit Vehicle,usecase,
4,Vehicle ,association,Vehicle Occupant,actor,Enter Vehicle,usecase,
4,Vehicle ,association,Driver,actor,Drive Vehicle,usecase,
4,Vehicle ,extend,Perform Anti Lock Braking,usecase,Drive Vehicle,usecase,When Braking is Required
4,Vehicle ,generalization,Control Entertainment System,usecase,Control Vehicle Accessory,usecase,
4,Vehicle ,generalization,Control Climate System,usecase,Control Vehicle Accessory,usecase,
4,Vehicle ,include,Exit Vehicle,usecase,Open Door,usecase,
4,Vehicle ,include,Enter Vehicle,usecase,Open Door,usecase,
5,Airport,association,Airport Staff,actor,Issue Boarding Pass,usecase,
5,Airport,association,Airport Staff,actor,Validate Counter Checkin,usecase,
5,Airport,association,Passenger,actor,Validate Individual Checkin,usecase,
5,Airport,association,Passenger,actor,Validate Group Checkin,usecase,
5,Airport,include,Issue Boarding Pass,usecase,Handle Baggage,usecase,
5,Airport,include,Handle Baggage,usecase,Assign Gate,usecase,
5,Airport,include,Drop Baggage,usecase,Enter Security Screening,usecase,
5,Airport,include,Validate Individual Checkin,usecase,Drop Baggage,usecase,
6,Sentinel EMS,association,Developer,actor,Generate Trial Product,usecase,
6,Sentinel EMS,association,Product Manager,actor,Define Feature,usecase,
6,Sentinel EMS,association,Developer,actor,Generate Branded Rus,usecase,
6,Sentinel EMS,association,Customer Service,actor,Manage Customer,usecase,
6,Sentinel EMS,association,Privilege Manager,actor,Manage Customer,usecase,
6,Sentinel EMS,association,Privilege Manager,actor,Manage Environment,usecase,
6,Sentinel EMS,extend,Generate Product Key,usecase,Manage Environment,usecase,When Key is Required
6,Sentinel EMS,generalization,Define Full Product,usecase,Define Product,usecase,
6,Sentinel EMS,generalization,Define Trial Product,usecase,Define Product,usecase,
6,Sentinel EMS,include,Manage Environment,usecase,Manage Customer,usecase,
6,Sentinel EMS,include,Define Feature,usecase,Define Product,usecase,
6,Sentinel EMS,include,Generate Trial Product,usecase,Generate Runtime Installer,usecase,
6,Sentinel EMS,include,Generate Branded Rus,usecase,Manage Environment,usecase,
7,Cab Booking Application,association,Backend,actor,Confirm Booking,usecase,
7,Cab Booking Application,association,Backend,actor,Show Available Cabs,usecase,
7,Cab Booking Application,association,User,actor,Confirm Booking,usecase,
7,Cab Booking Application,association,User,actor,Access Account,usecase,
7,Cab Booking Application,extend,Delete Booking,usecase,Confirm Booking,usecase,When Booking Needs to be Deleted
7,Cab Booking Application,include,Confirm Booking,usecase,Show Driver Information,usecase,
7,Cab Booking Application,include,Show Payment Method,usecase,Confirm Booking,usecase,
7,Cab Booking Application,include,Book Cab,usecase,Show Payment Method,usecase,
7,Cab Booking Application,include,Show Available Cabs,usecase,Book Cab,usecase,
7,Cab Booking Application,include,Choose Location,usecase,Show Available Cabs,usecase,
7,Cab Booking Application,include,Access Account,usecase,Choose Location,usecase,
8,Appointment Booking ,association,User,actor,Make Call,usecase,
8,Appointment Booking ,association,Service Provider,actor,Resolve Technical Issue,usecase,
8,Appointment Booking ,association,Service Provider,actor,Display Available Slot,usecase,
8,Appointment Booking ,association,Service Provider,actor,Schedule Appointment,usecase,
8,Appointment Booking ,association,Payment Gateway,actor,Show Payment Method,usecase,
8,Appointment Booking ,extend,Show Alternative Option,usecase,Display Available Slot,usecase,When Slot Not Available
8,Appointment Booking ,include,Make Call,usecase,Display Available Slot,usecase,
8,Appointment Booking ,include,Schedule Appointment,usecase,Send Confirmation,usecase,
8,Appointment Booking ,include,Show Payment Method,usecase,Receive Payment,usecase,
9,Satellite System,association,Generate Electricity,usecase,Solar Simulation Chamber,actor,
9,Satellite System,association,Environmental Test Engineer,actor,Generate Electricity,usecase,
9,Satellite System,association,Flight Controller,actor,Execute Hohmann Transfer,usecase,
9,Satellite System,association,Payload Operator,actor,Get Payload Status,usecase,
9,Satellite System,association,Payload Operator,actor,Point Infrared Sensor,usecase,
9,Satellite System,generalization,Send Stored Command,usecase,Send Command,usecase,
9,Satellite System,generalization,Send Real Time Command,usecase,Send Command,usecase,
9,Satellite System,include,Get Payload Status,usecase,Send Command,usecase,
9,Satellite System,include,Point Infrared Sensor,usecase,Send Command,usecase,
9,Satellite System,include,Execute Hohmann Transfer,usecase,Send Command,usecase,
10,UAV Mission Planning,association,Camera,actor,Capture Image,usecase,
10,UAV Mission Planning,association,Server,actor,Feed Command,usecase,
10,UAV Mission Planning,association,Server,actor,Start Mission,usecase,
10,UAV Mission Planning,association,GPS,actor,Remove Coordinate,usecase,
10,UAV Mission Planning,association,Operator,actor,Evaluate Mission,usecase,
10,UAV Mission Planning,association,Operator,actor,Monitor Mission,usecase,
10,UAV Mission Planning,association,Operator,actor,Allocate Uav,usecase,
10,UAV Mission Planning,association,Operator,actor,Create Mission,usecase,
10,UAV Mission Planning,include,Create Marker,usecase,Remove Coordinate,usecase,
10,UAV Mission Planning,include,Create Mission,usecase,Create Marker,usecase,
10,UAV Mission Planning,include,Start Mission,usecase,Capture Image,usecase,
10,UAV Mission Planning,include,Feed Command,usecase,Assign Search Area,usecase,
10,UAV Mission Planning,include,Start Mission,usecase,Send Command,usecase,
10,UAV Mission Planning,include,Create Mission,usecase,Start Mission,usecase,
11,Real Time System Controller,association,Maintenance Crew,actor,Apply Maintenance Procedure,usecase,
11,Real Time System Controller,association,System User,actor,Inform User,usecase,
11,Real Time System Controller,association,Sensor,actor,Acquire Input,usecase,
11,Real Time System Controller,association,Run Shutdown Procdure,usecase,Supervisor,actor,
11,Real Time System Controller,association,Run Setup Proedure,usecase,Supervisor,actor,
11,Real Time System Controller,association,Perform Computation,usecase,Actuator,actor,
11,Real Time System Controller,extend,Store Result,usecase,Perform Computation,usecase,When Storing is Required
11,Real Time System Controller,generalization,Apply Upon Request Maintenance,usecase,Apply Maintenance Procedure,usecase,
11,Real Time System Controller,generalization,Apply Scheduled Maintenance,usecase,Apply Maintenance Procedure,usecase,
11,Real Time System Controller,include,Perform Computation,usecase,Acquire Input,usecase,
12,Aircraft Design Review System,association,Design Engineer,actor,Submit Design,usecase,
12,Aircraft Design Review System,association,Systems Engineer,actor,Review Design,usecase,
12,Aircraft Design Review System,association,Project Manager,actor,Approve Modification,usecase,
12,Aircraft Design Review System,association,Design Engineer,actor,Register Design Component,usecase,
12,Aircraft Design Review System,extend,Generate Review Report,usecase,Submit Design,usecase,When Change is Required
12,Aircraft Design Review System,include,Register Design Component,usecase,Submit Design,usecase,
13,Inverted Pendulum System,association,Disturbance,actor,Disturb System,usecase,
13,Inverted Pendulum System,association,User,actor,Stop Controller,usecase,
13,Inverted Pendulum System,association,User,actor,Start Controller,usecase,
13,Inverted Pendulum System,association,User,actor,Set Controller Gain,usecase,
13,Inverted Pendulum System,association,User,actor,Set Amplifier Gain,usecase,
14,Security System,association,Operator,actor,Monitor,usecase,
14,Security System,association,Operator,actor,Activate System,usecase,
14,Security System,association,Operator,actor,Deactivate System,usecase,
14,Security System,association,Intruder,actor,Trigger Sensor,usecase,
14,Security System,extend,Trigger Sensor,usecase,Monitor,usecase,When There is a Breach
15,Library Management System,association,User,actor,Purchase Book,usecase,
15,Library Management System,association,User,actor,Borrow Book,usecase,
15,Library Management System,association,Librarian,actor,Register User,usecase,
15,Library Management System,association,User,actor,Register User,usecase,
15,Library Management System,include,Borrow Book,usecase,Return Book,usecase,
15,Library Management System,include,Register User,usecase,Update Loan,usecase,
16,Cellular Telephone,association,Cellular Network,actor,Use Scheduler,usecase,
16,Cellular Telephone,association,Cellular Network,actor,Monitor Signal Strength,usecase,
16,Cellular Telephone,association,User,actor,Place Phone Call,usecase,
16,Cellular Telephone,association,User,actor,Cut Call,usecase,
16,Cellular Telephone,extend,Place Conference Call,usecase,Place Phone Call,usecase,When in Need of Multiple Callers
17,Maintenance Management System,association,Customer,actor,Request Maintenance,usecase,
17,Maintenance Management System,association,Technician,actor,Schedule Maintenance,usecase,
17,Maintenance Management System,association,Maintenance Manager,actor,Perform Maintenance,usecase,
17,Maintenance Management System,association,Customer,actor,Register New Equipment,usecase,
17,Maintenance Management System,extend,Generate Report,usecase,Request Maintenance,usecase,When Change is Required
17,Maintenance Management System,include,Register New Equipment,usecase,Request Maintenance,usecase,
18,Multi Plant DCS,association,Controller,actor,Control Chiller Sequencing,usecase,
18,Multi Plant DCS,association,Controller,actor,Monitor Chilled Water Temperature,usecase,
18,Multi Plant DCS,association,Controller,actor,Provide Cooling Service,usecase,
18,Multi Plant DCS,association,User,actor,Alert Refrigerant Leakage,usecase,
18,Multi Plant DCS,association,Maintenance Operator,actor,Provide Maintenance,usecase,
18,Multi Plant DCS,extend,Provide Maintenance,usecase,Alert Refrigerant Leakage,usecase,When Maintenance is Required
18,Multi Plant DCS,generalization,Residential User,actor,User,actor,
18,Multi Plant DCS,generalization,Commercial User,actor,User,actor,
18,Multi Plant DCS,include,Provide Cooling Service,usecase,Monitor Chilled Water Temperature,usecase,
18,Multi Plant DCS,include,Monitor Chilled Water Temperature,usecase,Control Chiller Sequencing,usecase,
19,Ticket Booking System,association,Travel Agent,actor,Deliver Airlineticket,usecase,
19,Ticket Booking System,association,Customer,actor,Book Airline Ticket,usecase,
19,Ticket Booking System,association,Travel Agent,actor,Book Airline Ticket,usecase,
19,Ticket Booking System,association,Customer,actor,Make Payment,usecase,
19,Ticket Booking System,association,Customer,actor,Pay Agent Fee,usecase,
19,Ticket Booking System,association,Airline Company,actor,Book Airline Ticket,usecase,
19,Ticket Booking System,association,Book Tour,usecase,Tourist Company,actor,
19,Ticket Booking System,association,Tourist Company,actor,Deliver Airlineticket,usecase,
20,Bike Management System,association,Supervisor,actor,Handle Bike Return,usecase,
20,Bike Management System,association,Administrator,actor,Maintain Bike List,usecase,
20,Bike Management System,association,Supervisor,actor,Issue Bike,usecase,
20,Bike Management System,include,Issue Bike,usecase,Print Receipt,usecase,
20,Bike Management System,include,Issue Bike,usecase,Handle Enquiry,usecase,
20,Bike Management System,include,Maintain Customer List,usecase,Find Bike,usecase,
20,Bike Management System,include,Maintain Bike List,usecase,Maintain Customer List,usecase,
21,Restaurant,association,Cashier,actor,Pay Bill,usecase,
21,Restaurant,association,Chef,actor,Cook Food,usecase,
21,Restaurant,association,Client,actor,Order Food,usecase,
21,Restaurant,association,Client,actor,Pay Bill,usecase,
21,Restaurant,association,Waiter,actor,Serve Food,usecase,
21,Restaurant,association,Waiter,actor,Order Food,usecase,
21,Restaurant,include,Serve Food,usecase,Pay Bill,usecase,
21,Restaurant,include,Cook Food,usecase,Serve Food,usecase,
21,Restaurant,include,Order Food,usecase,Cook Food,usecase,
22,School Management System,association,Administrator,actor,Add Information,usecase,
22,School Management System,association,Student,actor,Fill Admission Form,usecase,
22,School Management System,association,Teacher,actor,Mark Attendance,usecase,
22,School Management System,association,Administrator,actor,Prepare Report Card,usecase,
22,School Management System,association,Teacher,actor,Prepare Exam Paper,usecase,
22,School Management System,extend,Edit Information,usecase,Add Information,usecase,When  Information needs to be edited
22,School Management System,include,Prepare Exam Paper,usecase,Evaluate Exam Paper,usecase,
22,School Management System,include,Complete Enrolment,usecase,Write Exam,usecase,
22,School Management System,include,Fill Admission Form,usecase,Complete Enrolment,usecase,
22,School Management System,include,Evaluate Exam Paper,usecase,Declare Result,usecase,
23,Online Learning System,association,Service Provider,actor,Register User,usecase,
23,Online Learning System,association,Service Provider,actor,Verify Account,usecase,
23,Online Learning System,association,User,actor,Access Study Material,usecase,
23,Online Learning System,association,User,actor,Edit Profile,usecase,
23,Online Learning System,association,User,actor,View Contact Detail,usecase,
23,Online Learning System,association,User,actor,View Faq,usecase,
23,Online Learning System,association,User,actor,View Course List,usecase,
23,Online Learning System,association,User,actor,Access Account,usecase,
23,Online Learning System,extend,Access Quiz,usecase,Access Study Material,usecase,When Quiz Module is Required
23,Online Learning System,extend,Change Password,usecase,Edit Profile,usecase,When password needs to be changed
23,Online Learning System,include,Edit Profile,usecase,Update Account,usecase,
24,Order_Management_System,association,Warehouse Manager,actor,Segregate Order,usecase,
24,Order_Management_System,association,Purchasing Manager,actor,Check Permission,usecase,
24,Order_Management_System,association,Purchasing Manager,actor,Place Order,usecase,
24,Order_Management_System,association,Purchasing Manager,actor,Order Part,usecase,
24,Order_Management_System,association,Warehouse Manager,actor,See Order,usecase,
24,Order_Management_System,association,Warehouse Manager,actor,Check Part,usecase,
24,Order_Management_System,association,Warehouse Manager,actor,Register Part,usecase,
24,Order_Management_System,extend,Order Part,usecase,Check Part,usecase,When There are No Parts
25,Coffin Escape System,association,Coffin Maker,actor,Ensure Coffin Quality,usecase,
25,Coffin Escape System,association,Audience,actor,Maximize Excitement,usecase,
25,Coffin Escape System,association,Escape Artist,actor,Minimize Risk,usecase,
25,Coffin Escape System,association,Safety Officer,actor,Minimize Risk,usecase,
25,Coffin Escape System,association,Escape Artist,actor,Perform Stunt,usecase,
25,Coffin Escape System,extend,Enable Computer Control System,usecase,Pump Fluid,usecase,When Computer Control is Required
25,Coffin Escape System,include,Perform Stunt,usecase,Pump Fluid,usecase,
25,Coffin Escape System,include,Perform Stunt,usecase,Allow Stunt Fluid,usecase,
25,Coffin Escape System,include,Minimize Risk,usecase,Ensure Coffin Quality,usecase,
25,Coffin Escape System,include,Minimize Risk,usecase,Ensure Sufficient Air,usecase,
26,Healthcare,association,Doctor,actor,Advise Medical Treatment,usecase,
26,Healthcare,association,Nurse,actor,Assess Patient Status,usecase,
26,Healthcare,association,Doctor,actor,Assess Patient Status,usecase,
26,Healthcare,association,Administrative Clerk,actor,Record Initial Complaint,usecase,
26,Healthcare,association,Patient,actor,Admit Patient,usecase,
26,Healthcare,association,Guardian,actor,Admit Patient,usecase,
26,Healthcare,include,Maintain Progress Report,usecase,Recommend Patient Discharge,usecase,
26,Healthcare,include,Advise Medical Treatment,usecase,Maintain Progress Report,usecase,
26,Healthcare,include,Obtain Legal Authorization,usecase,Review Discharge Summary,usecase,
26,Healthcare,include,Record Initial Complaint,usecase,Obtain Legal Authorization,usecase,
27,POS,association,Manager,actor,Collect Cash,usecase,
27,POS,association,Manager,actor,Process Sale,usecase,
27,POS,association,Sales Activity System,actor,Analyze Activity,usecase,
27,POS,association,System Administrator,actor,Manage User,usecase,
27,POS,association,Process Sale,usecase,Accounting System,actor,
27,POS,association,Tax Calculator,actor,Collect Cash,usecase,
27,POS,association,Cashier,actor,Collect Cash,usecase,
27,POS,association,Customer,actor,Process Sale,usecase,
27,POS,extend,Handle Return,usecase,Process Sale,usecase,When the Sale is Not satisfactory
27,POS,include,Analyze Activity,usecase,Manage User,usecase,
27,POS,include,Manage User,usecase,Manage Security,usecase,
28,Train Ticket Reservation,association,Ticket Booking App,actor,Choose Origin,usecase,
28,Train Ticket Reservation,association,Ticket Booking App,actor,Receive Payment,usecase,
28,Train Ticket Reservation,association,Ticket Booking App,actor,Show Available Train,usecase,
28,Train Ticket Reservation,association,Customer,actor,Make Payment,usecase,
28,Train Ticket Reservation,association,Customer,actor,Access User Account,usecase,
28,Train Ticket Reservation,extend,Show Alternative Train,usecase,Show Available Train,usecase,When Trains are Not Available
28,Train Ticket Reservation,include,Show Available Seat,usecase,Choose Train,usecase,
28,Train Ticket Reservation,include,Access User Account,usecase,Choose Origin,usecase,
28,Train Ticket Reservation,include,Receive Payment,usecase,Issue Ticket,usecase,
28,Train Ticket Reservation,include,Show Available Train,usecase,Show Available Seat,usecase,
28,Train Ticket Reservation,include,Choose Origin,usecase,Choose Destination,usecase,
29,Parking System,association,Parking Manager,actor,Print Reciept,usecase,
29,Parking System,association,Parking Manager,actor,Adjust Rate,usecase,
29,Parking System,association,Driver,actor,Pay Parking Bill,usecase,
29,Parking System,generalization,Adjust Hourly Rate,usecase,Adjust Rate,usecase,
29,Parking System,generalization,Adjust Daily Rate,usecase,Adjust Rate,usecase,
30,Surveillance System ,association,Ground Station,actor,Monitor System,usecase,
30,Surveillance System ,association,Bear,actor,Enter Safe Zone,usecase,
30,Surveillance System ,association,GPS Constellation,actor,Monitor System,usecase,
30,Surveillance System ,association,Weather,actor,Monitor System,usecase,
30,Surveillance System ,association,Sheep,actor,Protect Sheep,usecase,
30,Surveillance System ,association,Ground Station,actor,Prepare Mission,usecase,
30,Surveillance System ,association,Mission Operator,actor,Survey Safe Zone,usecase,
30,Surveillance System ,association,Mission Operator,actor,Monitor System,usecase,
30,Surveillance System ,association,Ground Station,actor,Survey Safe Zone,usecase,
30,Surveillance System ,extend,Protect Sheep,usecase,Survey Safe Zone,usecase,When Predator Enters Safe Zone
30,Surveillance System ,include,Prepare Mission,usecase,Parameterize Mission,usecase,
30,Surveillance System ,include,Prepare Mission,usecase,Plan Mission,usecase,
31,Coursework Management,association,Administrator,actor,Set Up Course Configuration,usecase,
31,Coursework Management,association,Lecturer,actor,Retrieve Coursework,usecase,
31,Coursework Management,association,Submitter,actor,Publlish Mark,usecase,
31,Coursework Management,association,Student,actor,Retrieve Mark,usecase,
31,Coursework Management,association,Student,actor,Submit Coursework,usecase,
31,Coursework Management,extend,Retrieve Mark,usecase,Submit Coursework,usecase,When Marks are Requested
32,Renewable Energy Monitoring System,association,Field Control Engineer,actor,Monitor Turbine,usecase,
32,Renewable Energy Monitoring System,association,Control Engineer,actor,Analyze Energy Data,usecase,
32,Renewable Energy Monitoring System,association,System Administrator,actor,Perform Equipment Check,usecase,
32,Renewable Energy Monitoring System,association,Field Control Engineer,actor,Register New Sensor,usecase,
32,Renewable Energy Monitoring System,extend,Generate Energy Report,usecase,Monitor Turbine,usecase,When Report is Required
32,Renewable Energy Monitoring System,include,Register New Sensor,usecase,Monitor Turbine,usecase,
33,Game,association,Game Administrator,actor,Edit Leaderboard,usecase,
33,Game,association,Game Administrator,actor,Update Leaderboard,usecase,
33,Game,association,Game Administrator,actor,Modify Setting,usecase,
33,Game,association,Player,actor,View Leaderboard,usecase,
33,Game,association,Player,actor,Modify Setting,usecase,
33,Game,association,Player,actor,Play Game,usecase,
33,Game,include,View Leaderboard,usecase,Fetch Leaderboard,usecase,
33,Game,include,Play Game,usecase,Update Leaderboard,usecase,
34,Trading System,association,Accounting System,actor,Update Account,usecase,
34,Trading System,association,Trading Manager,actor,Set Limit,usecase,
34,Trading System,association,Trader,actor,Capture Deal,usecase,
34,Trading System,association,Trader,actor,Display Price,usecase,
34,Trading System,association,Trader,actor,Analyze Risk,usecase,
35,Bank,association,Customer,actor,Deposit Fund,usecase,
35,Bank,association,Customer,actor,Withdraw Fund,usecase,
35,Bank,association,Customer,actor,Open Account,usecase,
35,Bank,association,Bank Employee,actor,Proivde Service,usecase,
35,Bank,include,Withdraw Fund,usecase,Update Balance,usecase,
35,Bank,include,Deposit Fund,usecase,Update Balance,usecase,
36,Automobile Service Management System,association,Service Representative,actor,Register Contact Information,usecase,
36,Automobile Service Management System,association,Service Representative,actor,Book Appointment,usecase,
36,Automobile Service Management System,association,Car Owner,actor,Book Service Appointment,usecase,
36,Automobile Service Management System,association,Service Engineer,actor,Inspect Vehicle,usecase,
36,Automobile Service Management System,association,Technician,actor,Repair Vehicle,usecase,
36,Automobile Service Management System,association,Car Owner,actor,Register Spare Part,usecase,
36,Automobile Service Management System,extend,Generate Service Report,usecase,Book Service Appointment,usecase,When Service is Required
36,Automobile Service Management System,include,Register Spare Part,usecase,Book Service Appointment,usecase,
37,Clinic Management,association,Nurse,actor,Print Report,usecase,
37,Clinic Management,association,Doctor,actor,View Patient History,usecase,
37,Clinic Management,association,Doctor,actor,Give Prescription,usecase,
37,Clinic Management,association,Patient,actor,Schedule Appointment,usecase,
37,Clinic Management,association,Patient,actor,Enter Patient Information,usecase,
37,Clinic Management,include,Schedule Appointment,usecase,Record Visit Information,usecase,
38,Car Maintenance,association,Service Center,actor,Monitor Activity,usecase,
38,Car Maintenance,association,Service Center,actor,Deliver Car,usecase,
38,Car Maintenance,association,Service Center,actor,Receive Payment,usecase,
38,Car Maintenance,association,Service Center,actor,Ship Part,usecase,
38,Car Maintenance,association,Service Center,actor,Order Part,usecase,
38,Car Maintenance,association,Customer,actor,Claim Insurance,usecase,
38,Car Maintenance,association,Customer,actor,Make Payment,usecase,
38,Car Maintenance,association,Mechanic,actor,Perform Maintenance,usecase,
38,Car Maintenance,association,Customer,actor,Raise Request,usecase,
38,Car Maintenance,extend,Order Part,usecase,Perform Maintenance,usecase,When part is missing
38,Car Maintenance,include,Monitor Activity,usecase,Send Invoice,usecase,
39,Lab  Testing System,association,Medical Officer,actor,Prescribe Medication,usecase,
39,Lab  Testing System,association,Medical Officer,actor,Assess Patient,usecase,
39,Lab  Testing System,association,Medical Officer,actor,Prescribe Test,usecase,
39,Lab  Testing System,association,Lab Technician,actor,Give Result,usecase,
39,Lab  Testing System,association,Lab Technician,actor,Perform Test,usecase,
39,Lab  Testing System,association,Patient,actor,Perform Test,usecase,
39,Lab  Testing System,association,Patient,actor,Fill Form,usecase,
40,Course Registration,association,Student,actor,Register For Course,usecase,
40,Course Registration,association,Professor,actor,Select Course,usecase,
40,Course Registration,association,Registrar,actor,Close Registration,usecase,
40,Course Registration,association,Student,actor,Enrol In College,usecase,
40,Course Registration,extend,Drop Course,usecase,Register For Course,usecase,When change is required
40,Course Registration,include,Enrol In College,usecase,Register For Course,usecase,
41,Flight Reservation System,association,Agent,actor,Manage Reservation,usecase,
41,Flight Reservation System,association,Administrator,actor,Resolve Technical Issue,usecase,
41,Flight Reservation System,association,Administrator,actor,Manage User Account,usecase,
41,Flight Reservation System,association,Administrator,actor,Manage Flight Schedule,usecase,
41,Flight Reservation System,association,Agent,actor,Edit Booking,usecase,
41,Flight Reservation System,association,Agent,actor,Assist Passenger,usecase,
41,Flight Reservation System,association,Customer,actor,Book Ticket,usecase,
41,Flight Reservation System,association,Customer,actor,Search Flight,usecase,
41,Flight Reservation System,extend,Cancel Booking,usecase,Manage Reservation,usecase,When the booking needs to be cancelled
41,Flight Reservation System,include,Assist Passenger,usecase,Check Availability,usecase,
42,Loan Management,association,Loan Officer,actor,Sanction Loan,usecase,
42,Loan Management,association,Loan Officer,actor,Check Eligibility,usecase,
42,Loan Management,association,Loan Officer,actor,Check Credit History,usecase,
42,Loan Management,association,Loan Officer,actor,Assess Home Value,usecase,
42,Loan Management,association,Home Buyer,actor,Process Mortgage Application,usecase,
42,Loan Management,association,Home Buyer,actor,Process Loan Application,usecase,
43,Boarding System,association,Ticket Clerk,actor,Handle Luggage,usecase,
43,Boarding System,association,Passenger,actor,Handover Luggage,usecase,
43,Boarding System,association,Passenger,actor,Give Ticket,usecase,
43,Boarding System,include,Handle Luggage,usecase,Assign Seat,usecase,
43,Boarding System,include,Handle Luggage,usecase,Weigh Luggage,usecase,
44,Energy Distribution Management System,association,Grid Operator,actor,Record Energy Usage,usecase,
44,Energy Distribution Management System,association,Control Center System,actor,Select Power Source,usecase,
44,Energy Distribution Management System,association,Control Center System,actor,Validate Energy Billing,usecase,
44,Energy Distribution Management System,association,Control Center System,actor,Monitor Power Flow,usecase,
44,Energy Distribution Management System,association,Grid Operator,actor,Authenticate Operator,usecase,
44,Energy Distribution Management System,extend,Activate Backup Line,usecase,Monitor Power Flow,usecase,When Main Power is not Available
44,Energy Distribution Management System,include,Monitor Power Flow,usecase,Check Transformer Load,usecase,
44,Energy Distribution Management System,include,Check Transformer Load,usecase,Allocate Power Supply,usecase,
44,Energy Distribution Management System,include,Authenticate Operator,usecase,Select Power Source,usecase,
44,Energy Distribution Management System,include,Validate Energy Billing,usecase,Generate Energy Report,usecase,
44,Energy Distribution Management System,include,Select Power Source,usecase,Select Distribution Area,usecase,
45,Fire Alarm System,association,Inform Authority,usecase,Fire Department,actor,
45,Fire Alarm System,association,Sensor,actor,Detect Fire,usecase,
45,Fire Alarm System,association,Civillian,actor,Alert User,usecase,
45,Fire Alarm System,association,Technician,actor,Shutdown System,usecase,
45,Fire Alarm System,association,Fire Department,actor,Shutdown System,usecase,
45,Fire Alarm System,association,Initialize System,usecase,Technician,actor,
45,Fire Alarm System,association,Maintenance Operator,actor,Handle System Fault,usecase,
45,Fire Alarm System,association,Maintenance Operator,actor,Perform Maintenance,usecase,
45,Fire Alarm System,association,Handle False Alarm,usecase,Civillian,actor,
45,Fire Alarm System,extend,Handle System Fault,usecase,Detect Fire,usecase,When Fault is Detected
45,Fire Alarm System,extend,Handle False Alarm,usecase,Warn Environment,usecase,When There is False Trigger
45,Fire Alarm System,generalization,Maintenance Operator,actor,Technician,actor,
45,Fire Alarm System,generalization,Installation Personnel,actor,Technician,actor,
45,Fire Alarm System,include,Detect Fire,usecase,Display Standby,usecase,
45,Fire Alarm System,include,Warn Environment,usecase,Alert User,usecase,
45,Fire Alarm System,include,Warn Environment,usecase,Inform Authority,usecase,
45,Fire Alarm System,include,Detect Fire,usecase,Initialize System,usecase,
45,Fire Alarm System,include,Detect Fire,usecase,Shutdown System,usecase,
46,Exam Mobile Application ,association,Student,actor,Access Account,usecase,
46,Exam Mobile Application ,association,Qualification Manager,actor,Generate Transcript,usecase,
46,Exam Mobile Application ,association,Qualification Manager,actor,Authorize Result,usecase,
46,Exam Mobile Application ,association,Student,actor,View Registration Data,usecase,
46,Exam Mobile Application ,association,Student,actor,View Result,usecase,
46,Exam Mobile Application ,association,Student,actor,Terminate Session,usecase,
46,Exam Mobile Application ,association,Data Entry Personnel,actor,Terminate Session,usecase,
46,Exam Mobile Application ,association,Data Manager,actor,Verify Result,usecase,
46,Exam Mobile Application ,association,Data Entry Personnel,actor,Access Account,usecase,
46,Exam Mobile Application ,association,Data Entry Personnel,actor,Register Candidate,usecase,
46,Exam Mobile Application ,extend,Edit Result,usecase,Verify Result,usecase,When Change is Required
46,Exam Mobile Application ,include,Authorize Result,usecase,Publish Result,usecase,
46,Exam Mobile Application ,include,Recieve Transcript,usecase,Verify Transcript,usecase,
46,Exam Mobile Application ,include,Generate Transcript,usecase,Recieve Transcript,usecase,
46,Exam Mobile Application ,include,Verify Result,usecase,Generate Report,usecase,
46,Exam Mobile Application ,include,Enter Result,usecase,Update Information,usecase,
46,Exam Mobile Application ,include,Register Candidate,usecase,Enter Result,usecase,
47,Airport Management System,association,Ground Operations Team,actor,Alert During Conflict,usecase,
47,Airport Management System,association,Airport Safety Team,actor,Alert During Conflict,usecase,
47,Airport Management System,association,Airport Safety Team,actor,Plan Mission,usecase,
47,Airport Management System,association,ATC,actor,Manage Control Zone,usecase,
47,Airport Management System,association,ATC,actor,Manage Clearance,usecase,
47,Airport Management System,association,ATC,actor,Alert During Conflict,usecase,
47,Airport Management System,association,ATC,actor,Prevent Conflict,usecase,
47,Airport Management System,association,ATC,actor,Plan Mission,usecase,
47,Airport Management System,extend,Alert During Conflict,usecase,Prevent Conflict,usecase,When Conflict Occurs
48,Monitoring System,association,Operator,actor,Perform Autonomous Monitoring,usecase,
48,Monitoring System,association,Advanced Operator,actor,Setup Track,usecase,
48,Monitoring System,association,Advanced Operator,actor,Perform Manual Monitoring,usecase,
48,Monitoring System,association,Intruder,actor,Monitor Environment,usecase,
48,Monitoring System,association,Supervisor,actor,Handle Camera Fault,usecase,
48,Monitoring System,extend,Handle Camera Fault,usecase,Monitor Environment,usecase,When Fault is Detected
48,Monitoring System,generalization,Perform Autonomous Monitoring,usecase,Monitor Environment,usecase,
48,Monitoring System,generalization,Perform Manual Monitoring,usecase,Monitor Environment,usecase,
48,Monitoring System,include,Monitor Environment,usecase,Initialize System,usecase,
48,Monitoring System,include,Monitor Environment,usecase,Terminate System,usecase,
49,Missile System,association,Launch Station,actor,Engage Target,usecase,
49,Missile System,association,Launch Station,actor,Launch Missile,usecase,
49,Missile System,association,Launch Station,actor,Execute Failed Launch Procedure,usecase,
49,Missile System,extend,Execute Failed Launch Procedure,usecase,Launch Missile,usecase,When Missile Launch Fails
49,Missile System,include,Launch Missile,usecase,Trigger Test,usecase,
