CaseId,Title,SystemName,SystemSynonyms,Description,PrimaryDomain,Domains,PrimaryActors,SecondaryActors,AllActors,PrimaryActorCount,SecondaryActorCount,TotalActorCount,UseCases,UseCaseCount,RelationshipTypes,RelationshipCount,HasInclude,HasExtend,HasGeneralization,ActorSynonyms,UseCaseSynonyms,CreatedAt
1,Online Shopping System,Online Shopping System,Shopping System | Online Store,"The Online Shopping System facilitates product management, user registration, and the purchase of products. Administrators manage the product catalog, while users can browse, add items to a cart, purchase products, report issues, and access their accounts. The Backend Database System supports product information and user registration.",Customer Support,Customer Support | Database Management | E-commerce | Product Management | User Account Management,Administrator | User,Backend Database System,Administrator | Backend Database System | User,2,1,3,Access Account | Add Product | Add To Cart | Buy Product | Delete Product | Recommend New Product | Register User | Report Technical Issue | Update Product Detail | View Product,10,association | extend,12,No,Yes,No,"Administrator: System Manager, System Admin, System Admin, School Admin, Admin, Admin, Admin, System Admin, Admin, System Manager | Backend Database System: Data System, Database | User: Borrower, Student, Controller, Customer, Customer, Client, Shopper, Patron, Subscriber, Rider, Passenger, Client, Client, Learner, Caller, Client, Operator","Access Account: Login Account, Open Account, Open Profile, View Account, Open Account, Login Account, Open Account, View Account | Add Product: Create Product | Add To Cart: Insert Item | Buy Product: Purchase Product | Delete Product: Remove Product | Recommend New Product: Suggest Product, Propose Product | Register User: Create User, Enroll User, Add User, Create User, Create User | Report Technical Issue: Log Issue, Notify Problem | Update Product Detail: Revise Product, Modify Product | View Product: Inspect Product",2026-02-26 18:28:04
2,Administration Application,Administration Application,Admin Application | Administration App,"The Administration Application provides functionalities for managing system operations, user access, and logging. The Website Administrator and Helpdesk interact with the system to perform tasks such as managing users, sessions, logs, and access control policies. System backups are performed as part of access control policy management. The Helpdesk primarily focuses on log and session management, while the Website Administrator handles a broader range of administrative tasks including user management.",Access Control Management,Access Control Management | Log Management | System Administration | System Backup and Recovery | User Management,Website Administrator,Helpdesk,Helpdesk | Website Administrator,1,1,2,Manage Access Control Policy | Manage Logs | Manage Session | Manage User | Perform System Backup,5,association | include,7,Yes,No,No,"Helpdesk: Support | Website Administrator: Web Admin, Admin","Manage Access Control Policy: Control Access, Access Management | Manage Logs: Review Logs, Audit Logs | Manage Session: Session Control, Control Session | Manage User: User Control, Control User, Update User, Maintain User | Perform System Backup: Create Backup, Backup System",2026-02-26 18:28:23
3,Design Support System,Design Support System,Support System | Design System,"The Design Support System facilitates the design and finalization of products, primarily furniture, involving clients, engineers, and administration. Clients initiate requirements and finalize products, while engineers focus on structural and heating design approvals. Administration verifies client requirements. The system supports issue reporting that can extend the product finalization process.",Furniture Design,"Furniture Design | Heating, Ventilation, and Air Conditioning (HVAC) | Product Lifecycle Management | Requirements Management | Structural Engineering",Administration | Client | Engineer,,Administration | Client | Engineer,3,0,3,Approve Heating Design | Approve Structural Design | Finalize Product | Report Issue | Validate Furniture Design | Verify Client Requirement,6,association | extend | include,10,Yes,Yes,No,"Administration: Admin, Management | Client: Customer, Diner, Patron, Customer, User | Engineer: Developer, Designer","Approve Heating Design: Check Heating, Review Heating | Approve Structural Design: Check Structure, Review Structure | Finalize Product: Close Product, Complete Product | Report Issue: Log Issue, Note Problem | Validate Furniture Design: Review Furniture, Check Furniture | Verify Client Requirement: Check Requirement, Confirm Requirement",2026-02-26 18:28:43
4,Vehicle ,Vehicle ,Automobile | Transport,"The Vehicle system manages core vehicle functions and passenger interactions. The Driver operates the vehicle, while the Vehicle Occupant interacts with accessories and enters/exits the vehicle. The system provides functionalities like driving, braking, controlling entertainment and climate, and managing vehicle access. The system interacts with the Driver to perform driving actions, and with the Vehicle Occupant to control accessories and manage entry/exit.",Automotive Engineering,Automotive Engineering | Passenger Comfort Systems | Vehicle Access Control | Vehicle Control Systems | Vehicle Safety Systems,Driver | Vehicle Occupant,,Driver | Vehicle Occupant,2,0,2,Control Climate System | Control Entertainment System | Control Vehicle Accessory | Drive Vehicle | Enter Vehicle | Exit Vehicle | Open Door | Perform Anti Lock Braking,8,association | extend | generalization | include,9,Yes,Yes,Yes,"Driver: Operator, Vehicle Operator, Operator | Vehicle Occupant: Rider, Passenger","Control Climate System: Adjust Climate, Manage Climate | Control Entertainment System: Adjust Entertainment, Manage Entertainment | Control Vehicle Accessory: Adjust Accessory, Manage Accessory | Drive Vehicle: Operate Vehicle, Steer Vehicle | Enter Vehicle: Board Vehicle | Exit Vehicle: Leave Vehicle | Open Door: Unlock Door | Perform Anti Lock Braking: Engage Abs, Activate Abs",2026-02-26 18:29:05
5,Airport,Airport,Air Terminal | Flight Center,"The Airport system manages passenger check-in, baggage handling, and boarding processes. Airport Staff interact with the system to issue boarding passes and validate check-ins. Passengers interact with the system to validate their check-in (individually or in groups) and drop off baggage. The system includes processes for assigning gates and handling baggage, which are incorporated into other use cases.",Airline Operations,Airline Operations | Airport Security | Baggage Handling | Gate Management | Passenger Check-in,Airport Staff | Passenger,,Airport Staff | Passenger,2,0,2,Assign Gate | Drop Baggage | Enter Security Screening | Handle Baggage | Issue Boarding Pass | Validate Counter Checkin | Validate Group Checkin | Validate Individual Checkin,8,association | include,8,Yes,No,No,"Airport Staff: Airport Employee, Terminal Staff | Passenger: Patron, Traveler, Flyer, Traveler",Assign Gate: Allocate Gate | Drop Baggage: Check Baggage | Enter Security Screening: Pass Screening | Handle Baggage: Manage Baggage | Issue Boarding Pass: Provide Pass | Validate Counter Checkin: Confirm Checkin | Validate Group Checkin: Confirm Checkin | Validate Individual Checkin: Confirm Checkin,2026-02-26 18:29:25
6,Sentinel EMS,Sentinel EMS,EMS System | Sentinel EMS | Sentinel,"The Sentinel EMS system manages product definition, customer management, and environment configuration. Privilege Managers and Customer Service representatives manage customer data. Developers generate product keys, trial products, branded resources, and runtime installers. Product Managers define product features. The system includes functionality for defining both trial and full products, with trial products incorporating runtime installer generation. Environment management is included in branded resource generation and product key generation.",Customer Relationship Management,Customer Relationship Management | Entitlement Management | Environment Configuration | Product Lifecycle Management | Software Distribution,Customer Service | Developer | Privilege Manager | Product Manager,,Customer Service | Developer | Privilege Manager | Product Manager,4,0,4,Define Feature | Define Full Product | Define Product | Define Trial Product | Generate Branded Rus | Generate Product Key | Generate Runtime Installer | Generate Trial Product | Manage Customer | Manage Environment,10,association | extend | generalization | include,13,Yes,Yes,Yes,"Customer Service: Customer Support, Service Agent | Developer: Software Engineer, Programmer | Privilege Manager: Access Manager, Privilege Admin | Product Manager: Product Lead, Product Owner","Define Feature: Configure Feature, Set Feature | Define Full Product: Set Product, Configure Product | Define Product: Configure Product, Set Product | Define Trial Product: Configure Trial, Set Trial | Generate Branded Rus: Issue Rus, Create Rus | Generate Product Key: Create Key, Issue Key | Generate Runtime Installer: Build Installer, Create Installer | Generate Trial Product: Issue Trial, Create Trial | Manage Customer: Update Customer, Maintain Customer | Manage Environment: Maintain Environment, Update Environment",2026-02-26 18:29:47
7,Cab Booking Application,Cab Booking Application,Booking System | Cab Application | Ride App,"The Cab Booking Application facilitates users in booking cabs. Users interact with the system to choose locations, book cabs, view available cabs, confirm bookings, access their accounts, and delete bookings. The Backend actor supports the system by confirming bookings and providing available cab information.",Mobile Applications,Mobile Applications | Payment Processing | Ride-Hailing Services | Transportation Logistics | User Account Management,User,Backend,Backend | User,1,1,2,Access Account | Book Cab | Choose Location | Confirm Booking | Delete Booking | Show Available Cabs | Show Driver Information | Show Payment Method,8,association | extend | include,11,Yes,Yes,No,"Backend: System Core, Processing Unit, Server | User: Borrower, Student, Controller, Customer, Customer, Client, Shopper, Patron, Subscriber, Rider, Passenger, Client, Client, Learner, Caller, Client, Operator","Access Account: Login Account, Open Account, Open Profile, View Account, Open Account, Login Account, Open Account, View Account | Book Cab: Order Cab, Request Ride | Choose Location: Define Destination, Select Location | Confirm Booking: Accept Ride, Validate Booking | Delete Booking: Cancel Booking, Remove Reservation | Show Available Cabs: List Vehicle, Display Cabs | Show Driver Information: Present Driver, Display Driver | Show Payment Method: Display Payment, Present Option, Display Method, Present Method",2026-02-26 18:30:12
8,Appointment Booking ,Appointment Booking ,Booking System | Appointment System,"The Appointment Booking system facilitates the scheduling of appointments between a User and a Service Provider. Users can initiate calls, while Service Providers manage technical issues and appointment slots. The Payment Gateway handles payment-related functionalities. Scheduling an appointment automatically triggers a confirmation. Showing a payment method necessitates receiving payment. Displaying available slots can be extended to show alternative options when no slots are available.",Appointment Scheduling,Appointment Scheduling | Communication | Customer Support | Payment Processing | Service Management,Service Provider | User,Payment Gateway,Payment Gateway | Service Provider | User,2,1,3,Display Available Slot | Make Call | Receive Payment | Resolve Technical Issue | Schedule Appointment | Send Confirmation | Show Alternative Option | Show Payment Method,8,association | extend | include,9,Yes,Yes,No,"Payment Gateway: Payor, Gateway | Service Provider: Provider, System Admin, Provider, Practitioner | User: Borrower, Student, Controller, Customer, Customer, Client, Shopper, Patron, Subscriber, Rider, Passenger, Client, Client, Learner, Caller, Client, Operator","Display Available Slot: Show Slot, Present Availability | Make Call: Place Call | Receive Payment: Process Payment, Accept Payment, Collect Payment, Accept Payment, Accept Payment | Resolve Technical Issue: Fix Problem, Fix Issue, Correct Error | Schedule Appointment: Book Appointment, Book Appointment, Arrange Visit, Arrange Visit | Send Confirmation: Issue Confirmation, Deliver Notice | Show Alternative Option: Display Alternative, Present Choice | Show Payment Method: Display Payment, Present Option, Display Method, Present Method",2026-02-26 18:30:34
9,Satellite System,Satellite System,Space System | Satellite,"The Satellite System manages the operation of a satellite, enabling payload status retrieval, command transmission (both real-time and stored), infrared sensor pointing, and orbital maneuvers. The system interacts with Payload Operators for status and sensor control, Flight Controllers for orbital adjustments, and Environmental Test Engineers for power generation testing. The Solar Simulation Chamber is used to test electricity generation.",Infrared Sensor Operation,Infrared Sensor Operation | Orbital Mechanics | Payload Management | Power Systems Testing | Satellite Command and Control,Environmental Test Engineer | Flight Controller | Payload Operator,Solar Simulation Chamber,Environmental Test Engineer | Flight Controller | Payload Operator | Solar Simulation Chamber,3,1,4,Execute Hohmann Transfer | Generate Electricity | Get Payload Status | Point Infrared Sensor | Send Command | Send Real Time Command | Send Stored Command,7,association | generalization | include,10,Yes,No,Yes,"Environmental Test Engineer: Test Engineer, Environment Engineer | Flight Controller: Flight Team, Controller | Payload Operator: Payload User, Operator | Solar Simulation Chamber: Simulation Chamber, Solar Chamber","Execute Hohmann Transfer: Initiate Transfer, Perform Transfer | Generate Electricity: Produce Power, Create Electricity | Get Payload Status: Read Status, Fetch Status | Point Infrared Sensor: Aim Sensor, Direct Sensor | Send Command: Transmit Command, Issue Command, Transmit Command | Send Real Time Command: Transmit Command, Issue Command | Send Stored Command: Issue Stored Command, Transmit Stored Command",2026-02-26 18:30:58
10,UAV Mission Planning,UAV Mission Planning,Mission System | UAV Planning | UAV Control,"The UAV Mission Planning system enables an Operator to plan, execute, and monitor missions for Unmanned Aerial Vehicles (UAVs). The Operator interacts with the system to create missions, allocate UAVs, and evaluate mission outcomes. The system utilizes a Camera for image capture during missions, a Server for command processing and mission initiation, and GPS for coordinate management. The system supports creating markers and removing coordinates as part of mission definition, and sending commands to the UAV during mission execution.",Command and Control Systems,Command and Control Systems | Geospatial Data Processing | Image Acquisition | Mission Planning | UAV Mission Management,Operator,Camera | GPS | Server,Camera | GPS | Operator | Server,1,3,4,Allocate Uav | Assign Search Area | Capture Image | Create Marker | Create Mission | Evaluate Mission | Feed Command | Monitor Mission | Remove Coordinate | Send Command | Start Mission,11,association | include,14,Yes,No,No,"Camera: Imager | GPS: Global Positioning | Operator: Admin, User, Controller, User, Staff, Controller, User | Server: Host, System Server","Allocate Uav: Assign Uav | Assign Search Area: Define Area | Capture Image: Record Image | Create Marker: Define Marker | Create Mission: Define Mission | Evaluate Mission: Assess Mission | Feed Command: Provide Command | Monitor Mission: Track Mission | Remove Coordinate: Delete Coordinate | Send Command: Transmit Command, Issue Command, Transmit Command | Start Mission: Initiate Mission",2026-02-26 18:31:23
11,Real Time System Controller,Real Time System Controller,Controller System | Real Time Controller | RTS Controller,"The Real Time System Controller manages system maintenance, setup, and shutdown procedures, as well as data acquisition, computation, and information delivery. The Maintenance Crew initiates maintenance procedures, while the Supervisor oversees system setup and shutdown. The System User receives information from the system. Sensors provide input for computation, and actuators execute computational results. The system supports both scheduled and on-demand maintenance.",Data Acquisition and Processing,Data Acquisition and Processing | Real-time Control Systems | Supervisory Control | System Maintenance Management | User Information Systems,Maintenance Crew | Supervisor | System User,Actuator | Sensor,Actuator | Maintenance Crew | Sensor | Supervisor | System User,3,2,5,Acquire Input | Apply Maintenance Procedure | Apply Scheduled Maintenance | Apply Upon Request Maintenance | Inform User | Perform Computation | Run Setup Proedure | Run Shutdown Procdure | Store Result,9,association | extend | generalization | include,10,Yes,Yes,Yes,"Actuator: Effector | Maintenance Crew: Crew Member, Maintenance Personnel | Sensor: Detector, Detector | Supervisor: Overseer, Manager, Bike Supervisor, Manager, Overseer, Supervisor Role | System User: Operator, User","Acquire Input: Receive Input, Get Input | Apply Maintenance Procedure: Execute Procedure | Apply Scheduled Maintenance: Perform Scheduled Maintenance | Apply Upon Request Maintenance: Request Maintenance, Perform Maintenance | Inform User: Notify User | Perform Computation: Compute Data, Process Data | Run Setup Proedure: Execute Setup, Perform Setup | Run Shutdown Procdure: Perform Shutdown, Execute Shutdown | Store Result: Save Result",2026-02-26 18:31:46
12,Aircraft Design Review System,Aircraft Design Review System,Aircraft Review System | Design Review | Review System,"The Aircraft Design Review System facilitates the review and approval of aircraft designs. Design Engineers submit designs and register components. Systems Engineers review these designs. Project Managers approve modifications. The system generates review reports, optionally extending the submission process when changes are required, and incorporates design component registration into the submission process.",Aerospace Engineering,Aerospace Engineering | Configuration Management | Design Review | Project Management | Systems Engineering,Design Engineer | Project Manager | Systems Engineer,,Design Engineer | Project Manager | Systems Engineer,3,0,3,Approve Modification | Generate Review Report | Register Design Component | Review Design | Submit Design,5,association | extend | include,6,Yes,Yes,No,"Design Engineer: Design Analyst, Designer | Project Manager: Program Manager, Project Lead | Systems Engineer: System Engineer, Systems Analyst","Approve Modification: Authorize Change, Accept Change | Generate Review Report: Create Report, Produce Report | Register Design Component: Log Component, Record Component | Review Design: Examine Design, Inspect Design | Submit Design: Provide Design, Present Design",2026-02-26 18:32:05
13,Inverted Pendulum System,Inverted Pendulum System,Pendulum System | Inverted Pendulum,"The Inverted Pendulum System is controlled by a User and subject to external Disturbances. The User can start and stop the controller, set the controller gain, and set the amplifier gain. The Disturbance actor introduces external forces to the system, affecting its stability. The system's core functionality revolves around maintaining the pendulum's balance through controller adjustments.",Control Systems Engineering,Control Systems Engineering | Mechanical Engineering | Robotics | Signal Processing | System Dynamics,User,Disturbance,Disturbance | User,1,1,2,Disturb System | Set Amplifier Gain | Set Controller Gain | Start Controller | Stop Controller,5,association,5,No,No,No,"Disturbance: Impact, Perturbation | User: Borrower, Student, Controller, Customer, Customer, Client, Shopper, Patron, Subscriber, Rider, Passenger, Client, Client, Learner, Caller, Client, Operator",Disturb System: Induce Disturbance | Set Amplifier Gain: Adjust Amplifier | Set Controller Gain: Adjust Gain | Start Controller: Initiate Controller | Stop Controller: Halt Controller,2026-02-26 18:32:29
14,Security System,Security System,Security Infrastructure | Protection System,"The Security System monitors for intrusions and allows an Operator to activate and deactivate the system. An Intruder triggers sensors, which the system monitors. The system's primary function is to detect and respond to security breaches, with the Operator having control over system activation and deactivation, and monitoring system status.",Access Control,Access Control | Intrusion Detection | Physical Security | Security System Management | Surveillance,Intruder | Operator,,Intruder | Operator,2,0,2,Activate System | Deactivate System | Monitor | Trigger Sensor,4,association | extend,5,No,Yes,No,"Intruder: Attacker, Attacker, Threat Actor, Threat | Operator: Admin, User, Controller, User, Staff, Controller, User","Activate System: Start System, Enable System | Deactivate System: Disable System, Shut Down | Monitor: Check Status, Observe System | Trigger Sensor: Sense Event, Activate Sensor",2026-02-26 18:32:49
15,Library Management System,Library Management System,Library System | Management System,"The Library Management System facilitates book-related transactions between Users and Librarians. Users can purchase and borrow books, while Librarians manage user registration and loan updates. The system ensures books are properly tracked and returned, with borrowing inherently including a return process. User registration incorporates loan update functionality.",Book Lending,Book Lending | Inventory Management | Library Management | Transaction Processing | User Account Management,Librarian | User,,Librarian | User,2,0,2,Borrow Book | Purchase Book | Register User | Return Book | Update Loan,5,association | include,6,Yes,No,No,"Librarian: Staff Member, Library Staff | User: Borrower, Student, Controller, Customer, Customer, Client, Shopper, Patron, Subscriber, Rider, Passenger, Client, Client, Learner, Caller, Client, Operator","Borrow Book: Take Book, Check Out Book | Purchase Book: Acquire Book, Buy Book | Register User: Create User, Enroll User, Add User, Create User, Create User | Return Book: Give Back Book | Update Loan: Adjust Loan, Modify Loan",2026-02-26 18:33:08
16,Cellular Telephone,Cellular Telephone,Cell Phone | Telephone System,"The Cellular Telephone system enables users to make and end phone calls, place conference calls, monitor signal strength, and utilize a scheduler. The system interacts with users directly for call management and with the cellular network for signal monitoring and scheduler functionality. The cellular network provides the underlying infrastructure for these services.",Call Management,Call Management | Mobile Computing | Personal Productivity | Telecommunications | Wireless Communication,User,Cellular Network,Cellular Network | User,1,1,2,Cut Call | Monitor Signal Strength | Place Conference Call | Place Phone Call | Use Scheduler,5,association | extend,5,No,Yes,No,"Cellular Network: Cell System, Network | User: Borrower, Student, Controller, Customer, Customer, Client, Shopper, Patron, Subscriber, Rider, Passenger, Client, Client, Learner, Caller, Client, Operator","Cut Call: End Call, Terminate Call | Monitor Signal Strength: Read Signal, Check Signal | Place Conference Call: Initiate Conference, Start Conference | Place Phone Call: Start Call, Initiate Call | Use Scheduler: Run Scheduler, Access Scheduler",2026-02-26 18:33:28
17,Maintenance Management System,Maintenance Management System,MMS | Maintenance System,"The Maintenance Management System facilitates the tracking and execution of maintenance activities for equipment. Customers can request maintenance and register new equipment. Technicians schedule and perform maintenance, while the Maintenance Manager oversees maintenance execution. The system also generates reports, potentially extending from maintenance requests when changes are required. The system supports the lifecycle of equipment maintenance from initial registration through scheduled and reactive maintenance, and reporting.",Asset Management,Asset Management | Corrective Maintenance Management | Equipment Maintenance | Preventive Maintenance Scheduling | Reporting and Analytics,Customer | Maintenance Manager | Technician,,Customer | Maintenance Manager | Technician,3,0,3,Generate Report | Perform Maintenance | Register New Equipment | Request Maintenance | Schedule Maintenance,5,association | extend | include,6,Yes,Yes,No,"Customer: Patron, Passenger, Client, User, Passenger, Traveler, Car Owner, Passenger, Vehicle Owner, Bank Client, Account Holder, User, Client, Shopper | Maintenance Manager: Maintenance Lead, Manager | Technician: Service Personnel, System Expert, Mechanic, Field Engineer, Service Personnel, Service Tech","Generate Report: Produce Report, Produce Report, Create Report, Create Report | Perform Maintenance: Conduct Maintenance, Execute Maintenance, Conduct Service, Execute Maintenance, Conduct Maintenance | Register New Equipment: Add Equipment, Record Equipment | Request Maintenance: Submit Request, File Request | Schedule Maintenance: Plan Maintenance, Arrange Maintenance",2026-02-26 18:33:52
18,Multi Plant DCS,Multi Plant DCS,Multi Plant System | DCS,"The Multi Plant DCS system manages cooling services across multiple plants, involving interactions with Maintenance Operators, Commercial Users, Residential Users, a general User, and a Controller. The Controller manages chiller sequencing and temperature monitoring, while users are alerted to refrigerant leaks. Maintenance Operators provide maintenance services, which can trigger refrigerant leak alerts. Cooling services include monitoring chilled water temperatures. Commercial and Residential Users are specialized types of Users.",Building Management Systems,Building Management Systems | Chiller Plant Operations | HVAC Control Systems | Industrial Automation | Refrigerant Management,Commercial User | Maintenance Operator | Residential User | User,Controller,Commercial User | Controller | Maintenance Operator | Residential User | User,4,1,5,Alert Refrigerant Leakage | Control Chiller Sequencing | Monitor Chilled Water Temperature | Provide Cooling Service | Provide Maintenance,5,association | extend | generalization | include,10,Yes,Yes,Yes,"Commercial User: Customer, User | Controller: Control System | Maintenance Operator: Operator, Maintainer, System Maintainer, Operator | Residential User: Resident, User | User: Borrower, Student, Controller, Customer, Customer, Client, Shopper, Patron, Subscriber, Rider, Passenger, Client, Client, Learner, Caller, Client, Operator","Alert Refrigerant Leakage: Detect Leakage, Report Leakage | Control Chiller Sequencing: Sequence Chiller, Manage Sequencing | Monitor Chilled Water Temperature: Check Temperature, Read Temperature | Provide Cooling Service: Offer Cooling, Deliver Service | Provide Maintenance: Do Maintenance, Perform Maintenance",2026-02-26 18:34:13
19,Ticket Booking System,Ticket Booking System,Booking System | Ticket System,"The Ticket Booking System facilitates the booking of tours and airline tickets through various stakeholders. Customers can book airline tickets and make payments. Travel agents can also book airline tickets and deliver airline tickets. The tourist company is involved in booking tours, and the airline company participates in the airline ticket booking process. Customers may also pay agent fees.",Airline Ticketing,Airline Ticketing | Customer Service | Payment Processing | Tour Booking | Travel Agency Services,Airline Company | Customer | Tourist Company | Travel Agent,,Airline Company | Customer | Tourist Company | Travel Agent,4,0,4,Book Airline Ticket | Book Tour | Deliver Airlineticket | Make Payment | Pay Agent Fee,5,association,8,No,No,No,"Airline Company: Air Carrier, Airline Provider | Customer: Patron, Passenger, Client, User, Passenger, Traveler, Car Owner, Passenger, Vehicle Owner, Bank Client, Account Holder, User, Client, Shopper | Tourist Company: Tour Operator, Tourism Provider | Travel Agent: Travel Provider, Agent","Book Airline Ticket: Schedule Flight, Reserve Ticket | Book Tour: Reserve Tour, Schedule Tour | Deliver Airlineticket: Provide Ticket, Issue Ticket | Make Payment: Submit Payment, Submit Payment, Process Payment, Submit Payment, Process Payment | Pay Agent Fee: Settle Fee, Remit Fee",2026-02-26 18:34:27
20,Bike Management System,Bike Management System,Management System | Bike System,"The Bike Management System facilitates the rental and maintenance of bicycles. Administrators manage bike and customer lists, while Supervisors handle bike issuance and returns. The system supports finding bikes, handling customer inquiries, and generating receipts. The system interacts with Administrators for bike list maintenance and with Supervisors for bike handling operations.",Bike Rental Management,Bike Rental Management | Customer Relationship Management | Inventory Management | Point of Sale | System Administration,Administrator | Supervisor,,Administrator | Supervisor,2,0,2,Find Bike | Handle Bike Return | Handle Enquiry | Issue Bike | Maintain Bike List | Maintain Customer List | Print Receipt,7,association | include,7,Yes,No,No,"Administrator: System Manager, System Admin, System Admin, School Admin, Admin, Admin, Admin, System Admin, Admin, System Manager | Supervisor: Overseer, Manager, Bike Supervisor, Manager, Overseer, Supervisor Role","Find Bike: Locate Bike, Search Bike | Handle Bike Return: Accept Return, Process Return | Handle Enquiry: Process Enquiry, Answer Enquiry | Issue Bike: Provide Bike, Release Bike | Maintain Bike List: Manage Bike, Update Bike | Maintain Customer List: Update Customer, Manage Customer | Print Receipt: Generate Receipt",2026-02-26 18:34:46
21,Restaurant,Restaurant,Food Service | Dining Facility,"The Restaurant system facilitates the ordering, preparation, serving, and payment for food. Clients order food through a Waiter, which initiates the cooking process by the Chef. Once cooked, the Waiter serves the food, and the Client pays the bill through the Cashier. Serving food always includes paying the bill, cooking food always includes serving food, and ordering food always includes cooking food.",Culinary Operations,Culinary Operations | Food Service | Order Processing | Point of Sale (POS) | Restaurant Management,Cashier | Chef | Client | Waiter,,Cashier | Chef | Client | Waiter,4,0,4,Cook Food | Order Food | Pay Bill | Serve Food,4,association | include,9,Yes,No,No,"Cashier: Clerk, Payment Processor, Teller | Chef: Kitchen Staff, Cook | Client: Customer, Diner, Patron, Customer, User | Waiter: Food Server, Server","Cook Food: Prepare Meal, Create Dish | Order Food: Place Order, Request Meal | Pay Bill: Settle Account, Process Payment | Serve Food: Deliver Food, Present Meal",2026-02-26 18:35:03
22,School Management System,School Management System,Management System | School System,"The School Management System facilitates interactions between Administrators, Students, and Teachers to manage school-related information, enrollment, examinations, attendance, and reporting. Administrators add and edit information, prepare report cards, and oversee the system. Students fill admission forms and write exams. Teachers prepare and evaluate exams, and mark attendance.",Academic Reporting,Academic Reporting | Attendance Tracking | Education Management | Examination Management | Student Information Systems,Administrator | Student | Teacher,,Administrator | Student | Teacher,3,0,3,Add Information | Complete Enrolment | Declare Result | Edit Information | Evaluate Exam Paper | Fill Admission Form | Mark Attendance | Prepare Exam Paper | Prepare Report Card | Write Exam,10,association | extend | include,10,Yes,Yes,No,"Administrator: System Manager, System Admin, System Admin, School Admin, Admin, Admin, Admin, System Admin, Admin, System Manager | Student: Learner, Learner, Learner, Enrollee, Candidate, Learner, Course Participant, Pupil | Teacher: Educator, Instructor","Add Information: Record Data, Input Data | Complete Enrolment: Finalize Enrolment, Process Enrolment | Declare Result: Report Result, Publish Result | Edit Information: Modify Data, Update Data | Evaluate Exam Paper: Grade Paper, Assess Paper | Fill Admission Form: Submit Form, Complete Form | Mark Attendance: Track Attendance, Record Attendance | Prepare Exam Paper: Create Exam, Design Exam | Prepare Report Card: Generate Report, Create Report | Write Exam: Compose Exam, Draft Exam",2026-02-26 18:35:26
23,Online Learning System,Online Learning System,Online Platform | Learning System,"The Online Learning System facilitates user registration, account management, access to learning materials, and interaction with service providers. Users can access courses, study materials, and quizzes, while service providers manage user registration and account verification. The system supports profile editing, including password changes, and provides access to FAQs and contact details.",Content Delivery,Content Delivery | Course Catalog | E-Learning | User Account Management | User Support,Service Provider | User,,Service Provider | User,2,0,2,Access Account | Access Quiz | Access Study Material | Change Password | Edit Profile | Register User | Update Account | Verify Account | View Contact Detail | View Course List | View Faq,11,association | extend | include,11,Yes,Yes,No,"Service Provider: Provider, System Admin, Provider, Practitioner | User: Borrower, Student, Controller, Customer, Customer, Client, Shopper, Patron, Subscriber, Rider, Passenger, Client, Client, Learner, Caller, Client, Operator","Access Account: Login Account, Open Account, Open Profile, View Account, Open Account, Login Account, Open Account, View Account | Access Quiz: View Quiz | Access Study Material: Obtain Material, View Material | Change Password: Reset Password | Edit Profile: Modify Profile, Revise Profile | Register User: Create User, Enroll User, Add User, Create User, Create User | Update Account: Modify Account, Revise Account, Modify Account, Adjust Account | Verify Account: Confirm Account | View Contact Detail: See Contact | View Course List: See Cours | View Faq: See Faq",2026-02-26 18:35:51
24,Order_Management_System,Order_Management_System,Order System | Management System,"The Order Management System facilitates the ordering, checking, and segregation of parts. The Purchasing Manager initiates orders, checks permissions, and orders parts. The Warehouse Manager segregates orders, views orders, checks parts, and registers parts. The system extends the 'Order Part' use case with a 'Check Part' function when parts are unavailable.",Inventory Control,Inventory Control | Order Processing | Procurement | Supply Chain Management | Warehouse Operations,Purchasing Manager | Warehouse Manager,,Purchasing Manager | Warehouse Manager,2,0,2,Check Part | Check Permission | Order Part | Place Order | Register Part | See Order | Segregate Order,7,association | extend,8,No,Yes,No,"Purchasing Manager: Procurement Manager, Buyer | Warehouse Manager: Inventory Manager, Stock Manager","Check Part: Inspect Part, Verify Part | Check Permission: Confirm Authority, Verify Access | Order Part: Procure Part, Request Part, Request Part, Procure Part | Place Order: Create Order, Submit Order | Register Part: Record Part, Log Part | See Order: Inspect Order, View Order | Segregate Order: Separate Order, Isolate Order",2026-02-26 18:36:12
25,Coffin Escape System,Coffin Escape System,Escape System | Coffin System,"The Coffin Escape System facilitates a stunt performance where an Escape Artist attempts to escape from a coffin. The system involves a Coffin Maker who ensures the coffin's quality, a Safety Officer and the Escape Artist who collaborate to minimize risks, and an Audience whose excitement is a key consideration. Computer control can be optionally enabled to assist with fluid pumping during the stunt. The system relies on pumping fluids and ensuring sufficient air within the coffin for the stunt to be performed.",Audience Engagement,Audience Engagement | Coffin Manufacturing | Risk Management | Safety Systems | Stunt Performance,Audience | Coffin Maker | Escape Artist | Safety Officer,,Audience | Coffin Maker | Escape Artist | Safety Officer,4,0,4,Allow Stunt Fluid | Enable Computer Control System | Ensure Coffin Quality | Ensure Sufficient Air | Maximize Excitement | Minimize Risk | Perform Stunt | Pump Fluid,8,association | extend | include,10,Yes,Yes,No,"Audience: Spectator, Viewer | Coffin Maker: Maker, Craftsman | Escape Artist: Performer, Artist | Safety Officer: Officer, Supervisor","Allow Stunt Fluid: Release Fluid | Enable Computer Control System: Activate Control, Control System | Ensure Coffin Quality: Confirm Quality, Verify Quality | Ensure Sufficient Air: Secure Air, Provide Air | Maximize Excitement: Boost Excitement | Minimize Risk: Reduce Risk | Perform Stunt: Execute Stunt | Pump Fluid: Transfer Fluid",2026-02-26 18:36:36
26,Healthcare,Healthcare,Health System | Care System,"The Healthcare system manages patient care processes, from initial complaint recording and admission through assessment, treatment, progress reporting, and eventual discharge. Administrative Clerks record initial complaints, while Guardians and Patients participate in the admission process. Nurses and Doctors assess patient status and advise medical treatment. The system also handles legal authorization and discharge procedures, involving review of summaries and recommendations.",Healthcare Administration,Healthcare Administration | Legal and Regulatory Compliance | Medical Treatment and Assessment | Patient Admission and Discharge | Patient Record Management,Administrative Clerk | Doctor | Guardian | Nurse | Patient,,Administrative Clerk | Doctor | Guardian | Nurse | Patient,5,0,5,Admit Patient | Advise Medical Treatment | Assess Patient Status | Maintain Progress Report | Obtain Legal Authorization | Recommend Patient Discharge | Record Initial Complaint | Review Discharge Summary,8,association | include,10,Yes,No,No,"Administrative Clerk: Clerk, Admin Staff | Doctor: Physician, Clinician, Physician, Clinician | Guardian: Protector, Caregiver | Nurse: Practitioner, Care Nurse, Caregiver | Patient: Individual, Subject, Recipient, Individual, Individual, Client","Admit Patient: Accept Patient, Register Recipient | Advise Medical Treatment: Suggest Treatment, Provide Advice | Assess Patient Status: Evaluate Patient, Check Status | Maintain Progress Report: Track Progress, Update Report | Obtain Legal Authorization: Secure Approval, Gain Consent | Recommend Patient Discharge: Propose Release, Suggest Discharge | Record Initial Complaint: Note Issue, Log Complaint | Review Discharge Summary: Inspect Report, Examine Summary",2026-02-26 18:37:02
27,POS,POS,Point Of Sale | POS System,"The POS system facilitates retail transactions, user management, and activity analysis. Cashiers collect cash and process sales with customer interaction. Managers oversee cash collection and sales processes. System Administrators manage user accounts and security. The system integrates with external actors like the Accounting System and Tax Calculator for financial processing, and the Sales Activity System for data analysis. Returns are handled as an extension of the sales process under specific conditions.",Financial Transactions,Financial Transactions | Point of Sale Systems | Retail Management | Sales Analytics | User Account Management,Cashier | Customer | Manager | System Administrator,Accounting System | Sales Activity System | Tax Calculator,Accounting System | Cashier | Customer | Manager | Sales Activity System | System Administrator | Tax Calculator,4,3,7,Analyze Activity | Collect Cash | Handle Return | Manage Security | Manage User | Process Sale,6,association | extend | include,11,Yes,Yes,No,"Accounting System: Finance System, Finance System, Ledger System | Cashier: Clerk, Payment Processor, Teller | Customer: Patron, Passenger, Client, User, Passenger, Traveler, Car Owner, Passenger, Vehicle Owner, Bank Client, Account Holder, User, Client, Shopper | Manager: Supervisor | Sales Activity System: Sales System | System Administrator: System Admin, Admin, Admin, System Manager | Tax Calculator: Tax Engine","Analyze Activity: Assess Activity, Review Activity | Collect Cash: Receive Payment, Accept Cash | Handle Return: Accept Return, Process Return | Manage Security: Secure System, Control Access | Manage User: User Control, Control User, Update User, Maintain User | Process Sale: Complete Sale, Record Sale",2026-02-26 18:37:22
28,Train Ticket Reservation,Train Ticket Reservation,Train Reservation | Ticket System,"The Train Ticket Reservation system enables customers to reserve train tickets through a Ticket Booking App. Customers can access their accounts, choose origins and destinations, select trains, view seat availability, make payments, and receive tickets. The Ticket Booking App facilitates the process by providing access to train schedules, handling payments, and issuing tickets.",Online Payment Processing,Online Payment Processing | Ticket Issuance | Train Schedule Management | Train Travel Booking | User Account Management,Customer,Ticket Booking App,Customer | Ticket Booking App,1,1,2,Access User Account | Choose Destination | Choose Origin | Choose Train | Issue Ticket | Make Payment | Receive Payment | Show Alternative Train | Show Available Seat | Show Available Train,10,association | extend | include,11,Yes,Yes,No,"Customer: Patron, Passenger, Client, User, Passenger, Traveler, Car Owner, Passenger, Vehicle Owner, Bank Client, Account Holder, User, Client, Shopper | Ticket Booking App: Booking Application, App","Access User Account: View Account, Open Account | Choose Destination: Select Destination | Choose Origin: Select Origin | Choose Train: Select Train | Issue Ticket: Create Ticket, Generate Ticket | Make Payment: Submit Payment, Submit Payment, Process Payment, Submit Payment, Process Payment | Receive Payment: Process Payment, Accept Payment, Collect Payment, Accept Payment, Accept Payment | Show Alternative Train: Display Alternative | Show Available Seat: Display Seat | Show Available Train: Display Train",2026-02-26 18:37:47
29,Parking System,Parking System,Park System | Parking Facility,"The Parking System manages parking fees and provides receipts. The Parking Manager adjusts parking rates, while Drivers pay parking bills. The system supports hourly and daily rate adjustments, which are generalizations of a broader 'Adjust Rate' function. The Parking Manager can also print receipts.",Parking Management,Parking Management | Payment Processing | Rate Management | Receipt Generation | User Authentication,Driver | Parking Manager,,Driver | Parking Manager,2,0,2,Adjust Daily Rate | Adjust Hourly Rate | Adjust Rate | Pay Parking Bill | Print Reciept,5,association | generalization,5,No,No,Yes,"Driver: Operator, Vehicle Operator, Operator | Parking Manager: Park Admin, Manager","Adjust Daily Rate: Modify Rate, Set Daily Rate | Adjust Hourly Rate: Modify Rate, Set Hourly Rate | Adjust Rate: Modify Rate, Set Rate | Pay Parking Bill: Submit Payment, Settle Bill | Print Reciept: Issue Receipt, Generate Receipt",2026-02-26 18:38:08
30,Surveillance System ,Surveillance System ,Watch System | Surveillance,"The Surveillance System monitors a safe zone for sheep and bears, utilizing input from a Mission Operator, Ground Station, GPS Constellation, and Weather data. The system allows for mission planning and preparation, surveying of the safe zone, and protection of sheep. The Ground Station and GPS Constellation provide data for system monitoring. Bears attempt to enter the safe zone, while sheep require protection. Mission preparation includes parameterization and planning phases.",Environmental Monitoring,Environmental Monitoring | Geospatial Data Processing | Mission Planning | Security Systems | Wildlife Monitoring,Bear | Mission Operator | Sheep,GPS Constellation | Ground Station | Weather,Bear | GPS Constellation | Ground Station | Mission Operator | Sheep | Weather,3,3,6,Enter Safe Zone | Monitor System | Parameterize Mission | Plan Mission | Prepare Mission | Protect Sheep | Survey Safe Zone,7,association | extend | include,12,Yes,Yes,No,"Bear: Predator | GPS Constellation: GPS | Ground Station: Control Station, Station | Mission Operator: Mission Control, Operator | Sheep: Livestock | Weather: Atmosphere","Enter Safe Zone: Access Zone | Monitor System: Check System | Parameterize Mission: Define Mission | Plan Mission: Mission Planning, Create Plan | Prepare Mission: Ready Mission | Protect Sheep: Guard Livestock | Survey Safe Zone: Scan Zone",2026-02-26 18:38:29
31,Coursework Management,Coursework Management,Course System | Course Management,"The Coursework Management system facilitates the administration, delivery, submission, and assessment of coursework. Administrators configure courses, Lecturers retrieve coursework for grading, and Students submit coursework and retrieve their marks. Submitters publish marks, potentially triggered by a student's request to retrieve their mark.",Academic Record Keeping,Academic Record Keeping | Course Management | Educational Administration | Learning Management Systems | Student Assessment,Administrator | Lecturer | Student | Submitter,,Administrator | Lecturer | Student | Submitter,4,0,4,Publlish Mark | Retrieve Coursework | Retrieve Mark | Set Up Course Configuration | Submit Coursework,5,association | extend,6,No,Yes,No,"Administrator: System Manager, System Admin, System Admin, School Admin, Admin, Admin, Admin, System Admin, Admin, System Manager | Lecturer: Course Tutor, Instructor | Student: Learner, Learner, Learner, Enrollee, Candidate, Learner, Course Participant, Pupil | Submitter: Contributor","Publlish Mark: Publish Mark, Release Mark | Retrieve Coursework: Get Coursework | Retrieve Mark: Get Mark | Set Up Course Configuration: Configure Course, Setup Course | Submit Coursework: Send Coursework",2026-02-26 18:38:45
32,Renewable Energy Monitoring System,Renewable Energy Monitoring System,Energy Monitor | Renewable System | Energy System,"The Renewable Energy Monitoring System facilitates the monitoring and analysis of energy production from turbines. System Administrators perform equipment checks, Control Engineers analyze energy data, and Field Control Engineers monitor turbines and register new sensors. The system generates energy reports based on turbine monitoring data, and sensor registration is integral to turbine monitoring.",Energy Data Analytics,Energy Data Analytics | Renewable Energy Management | Sensor Management | System Administration | Turbine Monitoring,Control Engineer | Field Control Engineer | System Administrator,,Control Engineer | Field Control Engineer | System Administrator,3,0,3,Analyze Energy Data | Generate Energy Report | Monitor Turbine | Perform Equipment Check | Register New Sensor,5,association | extend | include,6,Yes,Yes,No,"Control Engineer: Controller, System Control | Field Control Engineer: Remote Control, Field Controller | System Administrator: System Admin, Admin, Admin, System Manager","Analyze Energy Data: Process Data, Review Data | Generate Energy Report: Create Report, Produce Report, Create Report, Produce Report | Monitor Turbine: Track Turbine, Observe Turbine | Perform Equipment Check: Inspect Equipment, Check Equipment | Register New Sensor: Define Sensor, Add Sensor",2026-02-26 18:39:02
33,Game,Game,Game Platform | Gaming System,"The Game system manages a leaderboard and game settings. Game Administrators can edit, update, and modify settings, while Players can view, play the game, and modify settings. Viewing the leaderboard includes fetching the leaderboard data. Playing the game automatically updates the leaderboard.",Game Management,Game Management | Game Settings Configuration | Leaderboard Administration | Player Engagement | User Account Management,Game Administrator | Player,,Game Administrator | Player,2,0,2,Edit Leaderboard | Fetch Leaderboard | Modify Setting | Play Game | Update Leaderboard | View Leaderboard,6,association | include,8,Yes,No,No,"Game Administrator: Game Manager, Admin | Player: Participant, Gamer","Edit Leaderboard: Adjust Leaderboard, Change Leaderboard | Fetch Leaderboard: Get Leaderboard, Retrieve Leaderboard | Modify Setting: Change Setting, Adjust Setting | Play Game: Run Game, Start Game | Update Leaderboard: Revise Leaderboard, Refresh Leaderboard | View Leaderboard: Inspect Leaderboard, See Leaderboard",2026-02-26 18:39:20
34,Trading System,Trading System,Trade System | Trading Platform,"The Trading System facilitates deal capture, price display, risk analysis, account updates, and limit setting. Traders interact with the system to capture deals, view prices, and analyze risks. The Trading Manager sets limits within the system. The Accounting System interacts with the system to update accounts.",Account Management,Account Management | Financial Regulations | Financial Trading | Risk Management | Trade Execution,Trader | Trading Manager,Accounting System,Accounting System | Trader | Trading Manager,2,1,3,Analyze Risk | Capture Deal | Display Price | Set Limit | Update Account,5,association,5,No,No,No,"Accounting System: Finance System, Finance System, Ledger System | Trader: Trade Operator, Market Participant | Trading Manager: Trade Supervisor, Market Manager","Analyze Risk: Evaluate Risk, Assess Risk | Capture Deal: Log Deal, Record Trade | Display Price: Present Price, Show Price | Set Limit: Define Limit, Establish Limit | Update Account: Modify Account, Revise Account, Modify Account, Adjust Account",2026-02-26 18:39:38
35,Bank,Bank,Financial Institution | Banking System,"The Bank system facilitates financial transactions and account management for Customers, supported by Bank Employees. Customers can Deposit Funds, Withdraw Funds, and Open Accounts. Bank Employees Proivde Service to customers. Both Deposit and Withdraw operations include an Update Balance function to maintain accurate account records.",Account Management,Account Management | Banking Operations | Customer Service | Financial Transactions | Funds Management,Bank Employee | Customer,,Bank Employee | Customer,2,0,2,Deposit Fund | Open Account | Proivde Service | Update Balance | Withdraw Fund,5,association | include,6,Yes,No,No,"Bank Employee: Bank Staff, Teller | Customer: Patron, Passenger, Client, User, Passenger, Traveler, Car Owner, Passenger, Vehicle Owner, Bank Client, Account Holder, User, Client, Shopper","Deposit Fund: Receive Fund, Add Fund | Open Account: Create Account, Establish Account | Proivde Service: Offer Service, Deliver Service | Update Balance: Modify Balance, Adjust Balance | Withdraw Fund: Remove Fund, Dispense Fund",2026-02-26 18:39:57
36,Automobile Service Management System,Automobile Service Management System,Auto Management | Service System | Vehicle System,"The Automobile Service Management System facilitates interactions between Car Owners, Service Representatives, Technicians, and Service Engineers to manage vehicle service appointments, repairs, and related information. Service Representatives handle contact information and appointment booking. Technicians perform vehicle repairs, while Service Engineers inspect vehicles. The system supports spare part registration and generates service reports, potentially extending appointment booking when service is required, and includes spare part registration within the appointment process.",Appointment Scheduling,Appointment Scheduling | Automotive Service Management | Customer Relationship Management | Spare Parts Inventory | Vehicle Maintenance,Car Owner | Service Engineer | Service Representative | Technician,,Car Owner | Service Engineer | Service Representative | Technician,4,0,4,Book Appointment | Book Service Appointment | Generate Service Report | Inspect Vehicle | Register Contact Information | Register Spare Part | Repair Vehicle,7,association | extend | include,8,Yes,Yes,No,"Car Owner: Vehicle Owner, Customer | Service Engineer: Service Specialist, Engineer | Service Representative: Rep, Service Agent | Technician: Service Personnel, System Expert, Mechanic, Field Engineer, Service Personnel, Service Tech","Book Appointment: Schedule Visit, Arrange Booking | Book Service Appointment: Schedule Service, Arrange Service | Generate Service Report: Create Report, Produce Report | Inspect Vehicle: Check Vehicle, Examine Vehicle | Register Contact Information: Record Contact, Capture Contact | Register Spare Part: Add Part, Record Part | Repair Vehicle: Fix Vehicle, Restore Vehicle",2026-02-26 18:40:16
37,Clinic Management,Clinic Management,Healthcare System | Clinic System | Medical Center,"The Clinic Management system facilitates interactions between Doctors, Nurses, and Patients to manage patient information, appointments, and medical records. Doctors can view patient histories and give prescriptions. Nurses can print reports. Patients can schedule appointments and enter their own information. The system also records visit information, which is included as part of the appointment scheduling process.",Clinical Reporting,Clinical Reporting | Healthcare Information Management | Medical Records Management | Patient Scheduling | Prescription Management,Doctor | Nurse | Patient,,Doctor | Nurse | Patient,3,0,3,Enter Patient Information | Give Prescription | Print Report | Record Visit Information | Schedule Appointment | View Patient History,6,association | include,6,Yes,No,No,"Doctor: Physician, Clinician, Physician, Clinician | Nurse: Practitioner, Care Nurse, Caregiver | Patient: Individual, Subject, Recipient, Individual, Individual, Client","Enter Patient Information: Input Data, Record Detail | Give Prescription: Issue Prescription, Provide Medication | Print Report: Output Report, Generate Report | Record Visit Information: Document Visit, Log Visit | Schedule Appointment: Book Appointment, Book Appointment, Arrange Visit, Arrange Visit | View Patient History: Inspect Record, Review History",2026-02-26 18:40:39
38,Car Maintenance,Car Maintenance,Vehicle Maintenance | Auto Care,"The Car Maintenance system facilitates the process of vehicle repair and upkeep. Customers initiate requests for maintenance, potentially filing insurance claims and making payments. Mechanics perform the maintenance work, sometimes requiring parts to be ordered and shipped. The Service Center manages activities, delivers cars, receives payments, and handles part logistics. The system also includes invoice generation and activity monitoring.",Automotive Maintenance,Automotive Maintenance | Insurance Claim Management | Parts Ordering and Logistics | Payment Processing | Vehicle Repair Services,Customer | Mechanic,Service Center,Customer | Mechanic | Service Center,2,1,3,Claim Insurance | Deliver Car | Make Payment | Monitor Activity | Order Part | Perform Maintenance | Raise Request | Receive Payment | Send Invoice | Ship Part,10,association | extend | include,11,Yes,Yes,No,"Customer: Patron, Passenger, Client, User, Passenger, Traveler, Car Owner, Passenger, Vehicle Owner, Bank Client, Account Holder, User, Client, Shopper | Mechanic: Auto Technician, Service Technician | Service Center: Auto Shop, Repair Facility","Claim Insurance: File Claim | Deliver Car: Return Vehicle | Make Payment: Submit Payment, Submit Payment, Process Payment, Submit Payment, Process Payment | Monitor Activity: Track Activity | Order Part: Procure Part, Request Part, Request Part, Procure Part | Perform Maintenance: Conduct Maintenance, Execute Maintenance, Conduct Service, Execute Maintenance, Conduct Maintenance | Raise Request: Create Request, Submit Request | Receive Payment: Process Payment, Accept Payment, Collect Payment, Accept Payment, Accept Payment | Send Invoice: Issue Invoice, Deliver Invoice | Ship Part: Dispatch Part",2026-02-26 18:40:59
39,Lab  Testing System,Lab  Testing System,Testing System | Lab System,"The Lab Testing System facilitates the process of patient assessment, test prescription, test performance, and result delivery. Medical Officers assess patients, prescribe medication and tests. Patients fill out forms and undergo testing. Lab Technicians perform tests and provide results. The system supports the interaction between these stakeholders to manage the lab testing workflow.",Healthcare Administration,Healthcare Administration | Laboratory Information Management | Medical Testing | Patient Management | Prescription Management,Lab Technician | Medical Officer | Patient,,Lab Technician | Medical Officer | Patient,3,0,3,Assess Patient | Fill Form | Give Result | Perform Test | Prescribe Medication | Prescribe Test,6,association,7,No,No,No,"Lab Technician: Lab Worker, Technician | Medical Officer: Doctor, Physician | Patient: Individual, Subject, Recipient, Individual, Individual, Client","Assess Patient: Evaluate Patient, Examine Patient | Fill Form: Complete Form, Enter Data | Give Result: Provide Result, Report Result | Perform Test: Execute Test, Run Test | Prescribe Medication: Order Medication | Prescribe Test: Order Test",2026-02-26 18:41:20
40,Course Registration,Course Registration,Registration System | Course System,"The Course Registration system facilitates the process of students enrolling in college, selecting courses, and registering for those courses. Professors are involved in course selection, and the Registrar manages the closing of registration. Students can also drop courses, potentially extending the registration process based on change requirements.",Academic Registration,Academic Registration | Course Management | Educational Services | Higher Education Administration | Student Information Systems,Professor | Registrar | Student,,Professor | Registrar | Student,3,0,3,Close Registration | Drop Course | Enrol In College | Register For Course | Select Course,5,association | extend | include,6,Yes,Yes,No,"Professor: Instructor, Faculty Member | Registrar: Registrar Office, Registration Staff | Student: Learner, Learner, Learner, Enrollee, Candidate, Learner, Course Participant, Pupil","Close Registration: End Registration, Terminate Registration | Drop Course: Cancel Course, Remove Course | Enrol In College: Enter College, Join College | Register For Course: Add Course, Enroll Course | Select Course: Pick Course, Choose Course",2026-02-26 18:41:34
41,Flight Reservation System,Flight Reservation System,Reservation System | Flight System,"The Flight Reservation System facilitates booking, managing, and modifying flight reservations. Customers can search for and book tickets. Agents assist passengers and manage reservations. Administrators handle user accounts, flight schedules, and technical issues. The system includes functionality for checking flight availability, editing bookings, and cancelling reservations, with the latter optionally triggering reservation management.",Airline Reservation,Airline Reservation | Customer Service | Flight Operations | Travel Management | User Account Management,Administrator | Agent | Customer,,Administrator | Agent | Customer,3,0,3,Assist Passenger | Book Ticket | Cancel Booking | Check Availability | Edit Booking | Manage Flight Schedule | Manage Reservation | Manage User Account | Resolve Technical Issue | Search Flight,10,association | extend | include,10,Yes,Yes,No,"Administrator: System Manager, System Admin, System Admin, School Admin, Admin, Admin, Admin, System Admin, Admin, System Manager | Agent: Travel Agent | Customer: Patron, Passenger, Client, User, Passenger, Traveler, Car Owner, Passenger, Vehicle Owner, Bank Client, Account Holder, User, Client, Shopper","Assist Passenger: Aid Passenger | Book Ticket: Issue Ticket | Cancel Booking: Void Booking | Check Availability: Verify Availability | Edit Booking: Modify Booking | Manage Flight Schedule: Handle Schedule | Manage Reservation: Handle Reservation | Manage User Account: Handle Account | Resolve Technical Issue: Fix Problem, Fix Issue, Correct Error | Search Flight: Find Flight",2026-02-26 18:41:53
42,Loan Management,Loan Management,Mortgage System | Loan System,"The Loan Management system facilitates the loan application and approval process. Loan Officers utilize the system to check applicant eligibility, credit history, and assess home values, ultimately sanctioning loans. Home Buyers interact with the system to process mortgage and loan applications. The system serves as a central platform for managing the loan lifecycle, from initial application to final approval.",Credit Risk Assessment,Credit Risk Assessment | Financial Services | Home Finance | Loan Origination | Mortgage Lending,Home Buyer | Loan Officer,,Home Buyer | Loan Officer,2,0,2,Assess Home Value | Check Credit History | Check Eligibility | Process Loan Application | Process Mortgage Application | Sanction Loan,6,association,6,No,No,No,"Home Buyer: Buyer, Borrower, Applicant | Loan Officer: Loan Specialist, Lender","Assess Home Value: Estimate Value, Value Home | Check Credit History: Verify Credit, Review Credit | Check Eligibility: Verify Eligibility | Process Loan Application: Handle Loan, Review Loan | Process Mortgage Application: Review Mortgage, Handle Mortgage | Sanction Loan: Fund Loan, Approve Loan",2026-02-26 18:42:14
43,Boarding System,Boarding System,System | Boarding,"The Boarding System manages the process of passenger boarding, involving interactions between Passengers and Ticket Clerks. Passengers handover luggage and receive tickets, while Ticket Clerks handle luggage processing, which includes assigning seats and weighing luggage. The system facilitates the efficient and organized boarding of passengers.",Airline Boarding,Airline Boarding | Luggage Handling | Passenger Services | Ticket Management | Travel Logistics,Passenger | Ticket Clerk,,Passenger | Ticket Clerk,2,0,2,Assign Seat | Give Ticket | Handle Luggage | Handover Luggage | Weigh Luggage,5,association | include,5,Yes,No,No,"Passenger: Patron, Traveler, Flyer, Traveler | Ticket Clerk: Clerk, Agent",Assign Seat: Allocate Seat | Give Ticket: Issue Ticket | Handle Luggage: Manage Luggage | Handover Luggage: Transfer Luggage | Weigh Luggage: Scale Luggage,2026-02-26 18:42:34
44,Energy Distribution Management System,Energy Distribution Management System,Power Management | Distribution System | Energy System,"The Energy Distribution Management System facilitates the operation and monitoring of power distribution. The Grid Operator interacts with the system to record energy usage and authenticate themselves. The Control Center System is involved in selecting power sources, validating billing, and monitoring power flow. Use cases include generating reports, allocating power, checking transformer loads, activating backup lines, and selecting distribution areas. Authentication is required before selecting a power source, and billing validation includes report generation. Monitoring power flow can be extended by activating a backup line when the main power is unavailable. Transformer load checks are included in power allocation, and power flow monitoring includes transformer load checks.",Billing and Reporting,Billing and Reporting | Energy Distribution | Power Grid Management | Power Supply Allocation | System Authentication,Grid Operator,Control Center System,Control Center System | Grid Operator,1,1,2,Activate Backup Line | Allocate Power Supply | Authenticate Operator | Check Transformer Load | Generate Energy Report | Monitor Power Flow | Record Energy Usage | Select Distribution Area | Select Power Source | Validate Energy Billing,10,association | extend | include,11,Yes,Yes,No,"Control Center System: Center System, Control System | Grid Operator: Grid Control, Operator","Activate Backup Line: Start Line, Enable Line | Allocate Power Supply: Provide Power, Assign Supply | Authenticate Operator: Verify Operator, Confirm Operator | Check Transformer Load: Inspect Load, Review Load | Generate Energy Report: Create Report, Produce Report, Create Report, Produce Report | Monitor Power Flow: Track Flow, Observe Flow | Record Energy Usage: Capture Usage, Log Usage | Select Distribution Area: Pick Area, Choose Area | Select Power Source: Choose Source, Pick Source | Validate Energy Billing: Verify Billing, Confirm Billing",2026-02-26 18:43:05
45,Fire Alarm System,Fire Alarm System,Fire System | Alarm System,"The Fire Alarm System is designed to detect fires, alert users and authorities, and facilitate system maintenance and shutdown. It interacts with Technicians for initialization and shutdown, Maintenance Operators for fault handling and maintenance, Installation Personnel for system setup, Civilians who are alerted in case of false alarms or actual fires, Fire Department who are informed of fire events, and Sensors which detect fire events. The system also handles system faults and displays a standby state when no fire is detected.",Alarm Systems,Alarm Systems | Emergency Response | Fire Safety | Sensor Integration | System Maintenance,Civillian | Fire Department | Installation Personnel | Maintenance Operator | Technician,Sensor,Civillian | Fire Department | Installation Personnel | Maintenance Operator | Sensor | Technician,5,1,6,Alert User | Detect Fire | Display Standby | Handle False Alarm | Handle System Fault | Inform Authority | Initialize System | Perform Maintenance | Shutdown System | Warn Environment,10,association | extend | generalization | include,18,Yes,Yes,Yes,"Civillian: Resident, Occupant | Fire Department: Emergency Service, Fire Crew | Installation Personnel: Installer, Setup Crew | Maintenance Operator: Operator, Maintainer, System Maintainer, Operator | Sensor: Detector, Detector | Technician: Service Personnel, System Expert, Mechanic, Field Engineer, Service Personnel, Service Tech","Alert User: Notify User | Detect Fire: Sense Fire | Display Standby: Show Status | Handle False Alarm: Clear Alarm, Resolve Alarm | Handle System Fault: Correct Error, Resolve Fault | Inform Authority: Notify Authority | Initialize System: Start System, Boot System, Boot System, Start System | Perform Maintenance: Conduct Maintenance, Execute Maintenance, Conduct Service, Execute Maintenance, Conduct Maintenance | Shutdown System: Stop System | Warn Environment: Notify Area",2026-02-26 18:43:29
46,Exam Mobile Application ,Exam Mobile Application ,Mobile Exam | Exam System | Exam App,"The Exam Mobile Application facilitates exam result management, candidate registration, and transcript verification. Students access their accounts and results, while Data Entry Personnel manage registration and session termination. Qualification Managers authorize results and generate transcripts, and Data Managers verify results. The system supports result updates, reporting, and transcript issuance.",Candidate Registration,Candidate Registration | Exam Result Management | Reporting and Analytics | Transcript Verification | User Account Management,Data Entry Personnel | Data Manager | Qualification Manager | Student,,Data Entry Personnel | Data Manager | Qualification Manager | Student,4,0,4,Access Account | Authorize Result | Edit Result | Enter Result | Generate Report | Generate Transcript | Publish Result | Recieve Transcript | Register Candidate | Terminate Session | Update Information | Verify Result | Verify Transcript | View Registration Data | View Result,15,association | extend | include,17,Yes,Yes,No,"Data Entry Personnel: Data Entry, Entry Staff | Data Manager: Data Admin, Info Manager | Qualification Manager: Credential Manager, Qualification Admin | Student: Learner, Learner, Learner, Enrollee, Candidate, Learner, Course Participant, Pupil","Access Account: Login Account, Open Account, Open Profile, View Account, Open Account, Login Account, Open Account, View Account | Authorize Result: Approve Result, Confirm Result | Edit Result: Modify Result, Change Result | Enter Result: Input Result, Record Result | Generate Report: Produce Report, Produce Report, Create Report, Create Report | Generate Transcript: Produce Transcript, Create Transcript | Publish Result: Post Result, Release Result | Recieve Transcript: Get Transcript, Obtain Transcript | Register Candidate: Enroll Candidate, Add Candidate | Terminate Session: End Session, Close Session | Update Information: Change Info, Modify Info | Verify Result: Check Result, Confirm Result | Verify Transcript: Check Transcript, Confirm Transcript | View Registration Data: Inspect Registration, See Registration | View Result: Inspect Result, See Result",2026-02-26 18:43:53
47,Airport Management System,Airport Management System,Management System | Airport System,"The Airport Management System facilitates the coordination of air traffic control, ground operations, and airport safety. The ATC manages control zones and clearances, while also being involved in conflict alerting and prevention, and mission planning. The Ground Operations Team and Airport Safety Team primarily participate in conflict alerting and mission planning respectively. The system extends conflict alerting with conflict prevention when a conflict occurs.",Air Traffic Control,Air Traffic Control | Airport Operations | Conflict Management | Mission Planning | Safety and Security,,Airport Safety Team | ATC | Ground Operations Team,Airport Safety Team | ATC | Ground Operations Team,0,3,3,Alert During Conflict | Manage Clearance | Manage Control Zone | Plan Mission | Prevent Conflict,5,association | extend,9,No,Yes,No,"Airport Safety Team: Safety Team, Airport Safety | ATC: Air Traffic | Ground Operations Team: Ground Team, Operations Staff","Alert During Conflict: Conflict Alert, Alert Conflict | Manage Clearance: Clearance Management | Manage Control Zone: Control Zone Management, Zone Management | Plan Mission: Mission Planning, Create Plan | Prevent Conflict: Conflict Prevention",2026-02-26 18:44:16
48,Monitoring System,Monitoring System,System Monitor | Monitor System,"The Monitoring System enables Operators, Advanced Operators, Intruders, and Supervisors to interact with environmental monitoring and system control functions. Operators perform autonomous monitoring, while Advanced Operators can set up tracking and perform manual monitoring. Intruders can monitor the environment, and Supervisors handle camera faults. The system includes initialization and termination procedures as part of environmental monitoring.",Environmental Monitoring,Environmental Monitoring | Fault Management | Operator Interface | Security Monitoring | System Administration,Advanced Operator | Intruder | Operator | Supervisor,,Advanced Operator | Intruder | Operator | Supervisor,4,0,4,Handle Camera Fault | Initialize System | Monitor Environment | Perform Autonomous Monitoring | Perform Manual Monitoring | Setup Track | Terminate System,7,association | extend | generalization | include,10,Yes,Yes,Yes,"Advanced Operator: Senior Staff, Expert User | Intruder: Attacker, Attacker, Threat Actor, Threat | Operator: Admin, User, Controller, User, Staff, Controller, User | Supervisor: Overseer, Manager, Bike Supervisor, Manager, Overseer, Supervisor Role","Handle Camera Fault: Resolve Fault, Fix Camera | Initialize System: Start System, Boot System, Boot System, Start System | Monitor Environment: Observe Environment, Assess Environment | Perform Autonomous Monitoring: Execute Monitoring, Run Monitoring | Perform Manual Monitoring: Execute Monitoring, Run Monitoring | Setup Track: Configure Track, Define Track | Terminate System: Stop System, End System",2026-02-26 18:44:37
49,Missile System,Missile System,Weapon System | Missile,"The Missile System is operated by a Launch Station to engage targets and launch missiles. The system includes procedures for testing and handling failed launch scenarios. The Launch Station initiates target engagement, missile launches, and manages failed launch procedures, which may extend the launch process with testing.",Failure Management,Failure Management | Launch Operations | Missile Defense | System Testing | Weapon Systems,,Launch Station,Launch Station,0,1,1,Engage Target | Execute Failed Launch Procedure | Launch Missile | Trigger Test,4,association | extend | include,5,Yes,Yes,No,"Launch Station: Firing Post, Launcher","Engage Target: Attack Target, Target Engagement | Execute Failed Launch Procedure: Manage Failure, Handle Launch Failure | Launch Missile: Fire Missile | Trigger Test: Run Test, Initiate Test",2026-02-26 18:44:58
